file,line,type,commit,author,date,time,timezone,datetime,depth,length
style.css,1,css,fb5489d3,huiyuyie,2026-04-08,14:19:59,-07:00,2026-04-08T14:19:59-07:00,0,4
style.css,2,css,fb5489d3,huiyuyie,2026-04-08,14:19:59,-07:00,2026-04-08T14:19:59-07:00,1,33
style.css,3,css,fb5489d3,huiyuyie,2026-04-08,14:19:59,-07:00,2026-04-08T14:19:59-07:00,0,0
style.css,4,css,fb5489d3,huiyuyie,2026-04-08,14:19:59,-07:00,2026-04-08T14:19:59-07:00,0,0
style.css,5,css,fb5489d3,huiyuyie,2026-04-08,14:19:59,-07:00,2026-04-08T14:19:59-07:00,0,3
style.css,6,css,fb5489d3,huiyuyie,2026-04-08,14:19:59,-07:00,2026-04-08T14:19:59-07:00,1,32
style.css,7,css,a3914d6f,huiyuyie,2026-04-16,15:04:18,-07:00,2026-04-16T15:04:18-07:00,1,23
style.css,8,css,fb5489d3,huiyuyie,2026-04-08,14:19:59,-07:00,2026-04-08T14:19:59-07:00,0,0
style.css,9,css,fb5489d3,huiyuyie,2026-04-08,14:19:59,-07:00,2026-04-08T14:19:59-07:00,0,0
style.css,10,css,abb49540,huiyuyie,2026-03-30,17:06:17,-07:00,2026-03-30T17:06:17-07:00,0,4
style.css,11,css,abb49540,huiyuyie,2026-03-30,17:06:17,-07:00,2026-03-30T17:06:17-07:00,1,43
style.css,12,css,abb49540,huiyuyie,2026-03-30,17:06:17,-07:00,2026-03-30T17:06:17-07:00,0,42
style.css,13,css,abb49540,huiyuyie,2026-03-30,17:06:17,-07:00,2026-03-30T17:06:17-07:00,0,0
style.css,14,css,abb49540,huiyuyie,2026-03-30,17:06:17,-07:00,2026-03-30T17:06:17-07:00,1,23
style.css,15,css,fb5489d3,huiyuyie,2026-04-08,14:19:59,-07:00,2026-04-08T14:19:59-07:00,1,15
style.css,16,css,fb5489d3,huiyuyie,2026-04-08,14:19:59,-07:00,2026-04-08T14:19:59-07:00,1,42
style.css,17,css,c14ee6cc,huiyuyie,2026-04-09,14:57:48,-07:00,2026-04-09T14:57:48-07:00,1,11
style.css,18,css,fb5489d3,huiyuyie,2026-04-08,14:19:59,-07:00,2026-04-08T14:19:59-07:00,0,0
style.css,19,css,fb5489d3,huiyuyie,2026-04-08,14:19:59,-07:00,2026-04-08T14:19:59-07:00,0,0
style.css,20,css,fb5489d3,huiyuyie,2026-04-08,14:19:59,-07:00,2026-04-08T14:19:59-07:00,0,2
style.css,21,css,a3914d6f,huiyuyie,2026-04-16,15:04:18,-07:00,2026-04-16T15:04:18-07:00,1,39
style.css,22,css,fb5489d3,huiyuyie,2026-04-08,14:19:59,-07:00,2026-04-08T14:19:59-07:00,1,12
style.css,23,css,fb5489d3,huiyuyie,2026-04-08,14:19:59,-07:00,2026-04-08T14:19:59-07:00,1,17
style.css,24,css,a3914d6f,huiyuyie,2026-04-16,15:04:18,-07:00,2026-04-16T15:04:18-07:00,1,43
style.css,25,css,fb5489d3,huiyuyie,2026-04-08,14:19:59,-07:00,2026-04-08T14:19:59-07:00,0,0
style.css,26,css,c14ee6cc,huiyuyie,2026-04-09,14:57:48,-07:00,2026-04-09T14:57:48-07:00,0,0
style.css,27,css,c14ee6cc,huiyuyie,2026-04-09,14:57:48,-07:00,2026-04-09T14:57:48-07:00,0,5
style.css,28,css,c14ee6cc,huiyuyie,2026-04-09,14:57:48,-07:00,2026-04-09T14:57:48-07:00,0,5
style.css,29,css,c14ee6cc,huiyuyie,2026-04-09,14:57:48,-07:00,2026-04-09T14:57:48-07:00,1,16
style.css,30,css,c14ee6cc,huiyuyie,2026-04-09,14:57:48,-07:00,2026-04-09T14:57:48-07:00,0,0
style.css,31,css,c14ee6cc,huiyuyie,2026-04-09,14:57:48,-07:00,2026-04-09T14:57:48-07:00,0,0
style.css,32,css,fb5489d3,huiyuyie,2026-04-08,14:19:59,-07:00,2026-04-08T14:19:59-07:00,0,4
style.css,33,css,fb5489d3,huiyuyie,2026-04-08,14:19:59,-07:00,2026-04-08T14:19:59-07:00,1,6
style.css,34,css,fb5489d3,huiyuyie,2026-04-08,14:19:59,-07:00,2026-04-08T14:19:59-07:00,1,20
style.css,35,css,fb5489d3,huiyuyie,2026-04-08,14:19:59,-07:00,2026-04-08T14:19:59-07:00,1,13
style.css,36,css,fb5489d3,huiyuyie,2026-04-08,14:19:59,-07:00,2026-04-08T14:19:59-07:00,1,17
style.css,37,css,fb5489d3,huiyuyie,2026-04-08,14:19:59,-07:00,2026-04-08T14:19:59-07:00,1,13
style.css,38,css,fb5489d3,huiyuyie,2026-04-08,14:19:59,-07:00,2026-04-08T14:19:59-07:00,0,0
style.css,39,css,fb5489d3,huiyuyie,2026-04-08,14:19:59,-07:00,2026-04-08T14:19:59-07:00,0,13
style.css,40,css,a3914d6f,huiyuyie,2026-04-16,15:04:18,-07:00,2026-04-16T15:04:18-07:00,1,45
style.css,41,css,fb5489d3,huiyuyie,2026-04-08,14:19:59,-07:00,2026-04-08T14:19:59-07:00,1,20
style.css,42,css,fb5489d3,huiyuyie,2026-04-08,14:19:59,-07:00,2026-04-08T14:19:59-07:00,0,0
style.css,43,css,fb5489d3,huiyuyie,2026-04-08,14:19:59,-07:00,2026-04-08T14:19:59-07:00,0,10
style.css,44,css,fb5489d3,huiyuyie,2026-04-08,14:19:59,-07:00,2026-04-08T14:19:59-07:00,1,45
style.css,45,css,fb5489d3,huiyuyie,2026-04-08,14:19:59,-07:00,2026-04-08T14:19:59-07:00,1,20
style.css,46,css,a3914d6f,huiyuyie,2026-04-16,15:04:18,-07:00,2026-04-16T15:04:18-07:00,1,69
style.css,47,css,fb5489d3,huiyuyie,2026-04-08,14:19:59,-07:00,2026-04-08T14:19:59-07:00,0,0
style.css,48,css,fb5489d3,huiyuyie,2026-04-08,14:19:59,-07:00,2026-04-08T14:19:59-07:00,0,0
style.css,49,css,a3914d6f,huiyuyie,2026-04-16,15:04:18,-07:00,2026-04-16T15:04:18-07:00,0,13
style.css,50,css,a3914d6f,huiyuyie,2026-04-16,15:04:18,-07:00,2026-04-16T15:04:18-07:00,1,17
style.css,51,css,a3914d6f,huiyuyie,2026-04-16,15:04:18,-07:00,2026-04-16T15:04:18-07:00,1,8
style.css,52,css,a3914d6f,huiyuyie,2026-04-16,15:04:18,-07:00,2026-04-16T15:04:18-07:00,1,10
style.css,53,css,a3914d6f,huiyuyie,2026-04-16,15:04:18,-07:00,2026-04-16T15:04:18-07:00,1,13
style.css,54,css,a3914d6f,huiyuyie,2026-04-16,15:04:18,-07:00,2026-04-16T15:04:18-07:00,0,0
style.css,55,css,a3914d6f,huiyuyie,2026-04-16,15:04:18,-07:00,2026-04-16T15:04:18-07:00,0,0
style.css,56,css,a3914d6f,huiyuyie,2026-04-16,15:04:18,-07:00,2026-04-16T15:04:18-07:00,0,0
style.css,57,css,a3914d6f,huiyuyie,2026-04-16,15:04:18,-07:00,2026-04-16T15:04:18-07:00,0,4
style.css,58,css,fb5489d3,huiyuyie,2026-04-08,14:19:59,-07:00,2026-04-08T14:19:59-07:00,0,7
style.css,59,css,a3914d6f,huiyuyie,2026-04-16,15:04:18,-07:00,2026-04-16T15:04:18-07:00,0,5
style.css,60,css,a3914d6f,huiyuyie,2026-04-16,15:04:18,-07:00,2026-04-16T15:04:18-07:00,0,6
style.css,61,css,fb5489d3,huiyuyie,2026-04-08,14:19:59,-07:00,2026-04-08T14:19:59-07:00,1,12
style.css,62,css,fb5489d3,huiyuyie,2026-04-08,14:19:59,-07:00,2026-04-08T14:19:59-07:00,0,0
style.css,63,css,fb5489d3,huiyuyie,2026-04-08,14:19:59,-07:00,2026-04-08T14:19:59-07:00,0,0
style.css,64,css,fb5489d3,huiyuyie,2026-04-08,14:19:59,-07:00,2026-04-08T14:19:59-07:00,0,7
style.css,65,css,fb5489d3,huiyuyie,2026-04-08,14:19:59,-07:00,2026-04-08T14:19:59-07:00,0,4
style.css,66,css,fb5489d3,huiyuyie,2026-04-08,14:19:59,-07:00,2026-04-08T14:19:59-07:00,0,7
style.css,67,css,fb5489d3,huiyuyie,2026-04-08,14:19:59,-07:00,2026-04-08T14:19:59-07:00,0,6
style.css,68,css,fb5489d3,huiyuyie,2026-04-08,14:19:59,-07:00,2026-04-08T14:19:59-07:00,1,13
style.css,69,css,fb5489d3,huiyuyie,2026-04-08,14:19:59,-07:00,2026-04-08T14:19:59-07:00,0,0
style.css,70,css,fb5489d3,huiyuyie,2026-04-08,14:19:59,-07:00,2026-04-08T14:19:59-07:00,0,0
style.css,71,css,fb5489d3,huiyuyie,2026-04-08,14:19:59,-07:00,2026-04-08T14:19:59-07:00,0,4
style.css,72,css,fb5489d3,huiyuyie,2026-04-08,14:19:59,-07:00,2026-04-08T14:19:59-07:00,0,8
style.css,73,css,fb5489d3,huiyuyie,2026-04-08,14:19:59,-07:00,2026-04-08T14:19:59-07:00,1,10
style.css,74,css,fb5489d3,huiyuyie,2026-04-08,14:19:59,-07:00,2026-04-08T14:19:59-07:00,1,21
style.css,75,css,fb5489d3,huiyuyie,2026-04-08,14:19:59,-07:00,2026-04-08T14:19:59-07:00,0,0
style.css,76,css,fb5489d3,huiyuyie,2026-04-08,14:19:59,-07:00,2026-04-08T14:19:59-07:00,0,0
style.css,77,css,fb5489d3,huiyuyie,2026-04-08,14:19:59,-07:00,2026-04-08T14:19:59-07:00,0,5
style.css,78,css,fb5489d3,huiyuyie,2026-04-08,14:19:59,-07:00,2026-04-08T14:19:59-07:00,1,18
style.css,79,css,fb5489d3,huiyuyie,2026-04-08,14:19:59,-07:00,2026-04-08T14:19:59-07:00,0,2
style.css,80,css,fb5489d3,huiyuyie,2026-04-08,14:19:59,-07:00,2026-04-08T14:19:59-07:00,0,0
style.css,81,css,c14ee6cc,huiyuyie,2026-04-09,14:57:48,-07:00,2026-04-09T14:57:48-07:00,0,4
style.css,82,css,fb5489d3,huiyuyie,2026-04-08,14:19:59,-07:00,2026-04-08T14:19:59-07:00,1,12
style.css,83,css,fb5489d3,huiyuyie,2026-04-08,14:19:59,-07:00,2026-04-08T14:19:59-07:00,1,30
style.css,84,css,c14ee6cc,huiyuyie,2026-04-09,14:57:48,-07:00,2026-04-09T14:57:48-07:00,1,7
style.css,85,css,fb5489d3,huiyuyie,2026-04-08,14:19:59,-07:00,2026-04-08T14:19:59-07:00,0,0
style.css,86,css,fb5489d3,huiyuyie,2026-04-08,14:19:59,-07:00,2026-04-08T14:19:59-07:00,0,0
style.css,87,css,fb5489d3,huiyuyie,2026-04-08,14:19:59,-07:00,2026-04-08T14:19:59-07:00,0,5
style.css,88,css,fb5489d3,huiyuyie,2026-04-08,14:19:59,-07:00,2026-04-08T14:19:59-07:00,1,12
style.css,89,css,fb5489d3,huiyuyie,2026-04-08,14:19:59,-07:00,2026-04-08T14:19:59-07:00,1,29
style.css,90,css,fb5489d3,huiyuyie,2026-04-08,14:19:59,-07:00,2026-04-08T14:19:59-07:00,1,18
style.css,91,css,fb5489d3,huiyuyie,2026-04-08,14:19:59,-07:00,2026-04-08T14:19:59-07:00,0,0
style.css,92,css,fb5489d3,huiyuyie,2026-04-08,14:19:59,-07:00,2026-04-08T14:19:59-07:00,0,0
style.css,93,css,fb5489d3,huiyuyie,2026-04-08,14:19:59,-07:00,2026-04-08T14:19:59-07:00,0,6
style.css,94,css,fb5489d3,huiyuyie,2026-04-08,14:19:59,-07:00,2026-04-08T14:19:59-07:00,1,18
style.css,95,css,fb5489d3,huiyuyie,2026-04-08,14:19:59,-07:00,2026-04-08T14:19:59-07:00,0,0
style.css,96,css,fb5489d3,huiyuyie,2026-04-08,14:19:59,-07:00,2026-04-08T14:19:59-07:00,0,0
style.css,97,css,fb5489d3,huiyuyie,2026-04-08,14:19:59,-07:00,2026-04-08T14:19:59-07:00,0,9
style.css,98,css,fb5489d3,huiyuyie,2026-04-08,14:19:59,-07:00,2026-04-08T14:19:59-07:00,1,12
style.css,99,css,fb5489d3,huiyuyie,2026-04-08,14:19:59,-07:00,2026-04-08T14:19:59-07:00,1,58
style.css,100,css,1b75d687,huiyuyie,2026-04-09,23:54:49,-07:00,2026-04-09T23:54:49-07:00,1,7
style.css,101,css,fb5489d3,huiyuyie,2026-04-08,14:19:59,-07:00,2026-04-08T14:19:59-07:00,0,0
style.css,102,css,fb5489d3,huiyuyie,2026-04-08,14:19:59,-07:00,2026-04-08T14:19:59-07:00,0,0
style.css,103,css,fb5489d3,huiyuyie,2026-04-08,14:19:59,-07:00,2026-04-08T14:19:59-07:00,0,17
style.css,104,css,fb5489d3,huiyuyie,2026-04-08,14:19:59,-07:00,2026-04-08T14:19:59-07:00,1,12
style.css,105,css,fb5489d3,huiyuyie,2026-04-08,14:19:59,-07:00,2026-04-08T14:19:59-07:00,1,26
style.css,106,css,fb5489d3,huiyuyie,2026-04-08,14:19:59,-07:00,2026-04-08T14:19:59-07:00,1,15
style.css,107,css,fb5489d3,huiyuyie,2026-04-08,14:19:59,-07:00,2026-04-08T14:19:59-07:00,0,0
style.css,108,css,fb5489d3,huiyuyie,2026-04-08,14:19:59,-07:00,2026-04-08T14:19:59-07:00,0,0
style.css,109,css,fb5489d3,huiyuyie,2026-04-08,14:19:59,-07:00,2026-04-08T14:19:59-07:00,0,12
style.css,110,css,fb5489d3,huiyuyie,2026-04-08,14:19:59,-07:00,2026-04-08T14:19:59-07:00,1,8
style.css,111,css,fb5489d3,huiyuyie,2026-04-08,14:19:59,-07:00,2026-04-08T14:19:59-07:00,0,0
style.css,112,css,fb5489d3,huiyuyie,2026-04-08,14:19:59,-07:00,2026-04-08T14:19:59-07:00,0,0
style.css,113,css,fb5489d3,huiyuyie,2026-04-08,14:19:59,-07:00,2026-04-08T14:19:59-07:00,0,2
style.css,114,css,fb5489d3,huiyuyie,2026-04-08,14:19:59,-07:00,2026-04-08T14:19:59-07:00,1,14
style.css,115,css,fb5489d3,huiyuyie,2026-04-08,14:19:59,-07:00,2026-04-08T14:19:59-07:00,0,0
style.css,116,css,fb5489d3,huiyuyie,2026-04-08,14:19:59,-07:00,2026-04-08T14:19:59-07:00,0,0
style.css,117,css,fb5489d3,huiyuyie,2026-04-08,14:19:59,-07:00,2026-04-08T14:19:59-07:00,0,22
style.css,118,css,fb5489d3,huiyuyie,2026-04-08,14:19:59,-07:00,2026-04-08T14:19:59-07:00,1,15
style.css,119,css,fb5489d3,huiyuyie,2026-04-08,14:19:59,-07:00,2026-04-08T14:19:59-07:00,1,17
style.css,120,css,1b75d687,huiyuyie,2026-04-09,23:54:49,-07:00,2026-04-09T23:54:49-07:00,0,0
style.css,121,css,1b75d687,huiyuyie,2026-04-09,23:54:49,-07:00,2026-04-09T23:54:49-07:00,0,0
style.css,122,css,1b75d687,huiyuyie,2026-04-09,23:54:49,-07:00,2026-04-09T23:54:49-07:00,0,0
style.css,123,css,1b75d687,huiyuyie,2026-04-09,23:54:49,-07:00,2026-04-09T23:54:49-07:00,0,0
style.css,124,css,1b75d687,huiyuyie,2026-04-09,23:54:49,-07:00,2026-04-09T23:54:49-07:00,0,29
style.css,125,css,1b75d687,huiyuyie,2026-04-09,23:54:49,-07:00,2026-04-09T23:54:49-07:00,0,0
style.css,126,css,1b75d687,huiyuyie,2026-04-09,23:54:49,-07:00,2026-04-09T23:54:49-07:00,0,7
style.css,127,css,1b75d687,huiyuyie,2026-04-09,23:54:49,-07:00,2026-04-09T23:54:49-07:00,0,9
style.css,128,css,1b75d687,huiyuyie,2026-04-09,23:54:49,-07:00,2026-04-09T23:54:49-07:00,0,6
style.css,129,css,1b75d687,huiyuyie,2026-04-09,23:54:49,-07:00,2026-04-09T23:54:49-07:00,0,11
style.css,130,css,1b75d687,huiyuyie,2026-04-09,23:54:49,-07:00,2026-04-09T23:54:49-07:00,1,20
style.css,131,css,1b75d687,huiyuyie,2026-04-09,23:54:49,-07:00,2026-04-09T23:54:49-07:00,1,18
style.css,132,css,1b75d687,huiyuyie,2026-04-09,23:54:49,-07:00,2026-04-09T23:54:49-07:00,0,0
style.css,133,css,1b75d687,huiyuyie,2026-04-09,23:54:49,-07:00,2026-04-09T23:54:49-07:00,0,0
style.css,134,css,1b75d687,huiyuyie,2026-04-09,23:54:49,-07:00,2026-04-09T23:54:49-07:00,0,10
style.css,135,css,1b75d687,huiyuyie,2026-04-09,23:54:49,-07:00,2026-04-09T23:54:49-07:00,0,12
style.css,136,css,1b75d687,huiyuyie,2026-04-09,23:54:49,-07:00,2026-04-09T23:54:49-07:00,0,9
style.css,137,css,1b75d687,huiyuyie,2026-04-09,23:54:49,-07:00,2026-04-09T23:54:49-07:00,0,14
style.css,138,css,1b75d687,huiyuyie,2026-04-09,23:54:49,-07:00,2026-04-09T23:54:49-07:00,1,16
style.css,139,css,1b75d687,huiyuyie,2026-04-09,23:54:49,-07:00,2026-04-09T23:54:49-07:00,1,21
style.css,140,css,1b75d687,huiyuyie,2026-04-09,23:54:49,-07:00,2026-04-09T23:54:49-07:00,1,21
style.css,141,css,1b75d687,huiyuyie,2026-04-09,23:54:49,-07:00,2026-04-09T23:54:49-07:00,1,22
style.css,142,css,1b75d687,huiyuyie,2026-04-09,23:54:49,-07:00,2026-04-09T23:54:49-07:00,1,41
style.css,143,css,1b75d687,huiyuyie,2026-04-09,23:54:49,-07:00,2026-04-09T23:54:49-07:00,0,0
style.css,144,css,1b75d687,huiyuyie,2026-04-09,23:54:49,-07:00,2026-04-09T23:54:49-07:00,0,0
style.css,145,css,1b75d687,huiyuyie,2026-04-09,23:54:49,-07:00,2026-04-09T23:54:49-07:00,0,17
style.css,146,css,1b75d687,huiyuyie,2026-04-09,23:54:49,-07:00,2026-04-09T23:54:49-07:00,0,19
style.css,147,css,1b75d687,huiyuyie,2026-04-09,23:54:49,-07:00,2026-04-09T23:54:49-07:00,1,18
style.css,148,css,1b75d687,huiyuyie,2026-04-09,23:54:49,-07:00,2026-04-09T23:54:49-07:00,0,0
style.css,149,css,1b75d687,huiyuyie,2026-04-09,23:54:49,-07:00,2026-04-09T23:54:49-07:00,0,0
style.css,150,css,1b75d687,huiyuyie,2026-04-09,23:54:49,-07:00,2026-04-09T23:54:49-07:00,0,11
style.css,151,css,1b75d687,huiyuyie,2026-04-09,23:54:49,-07:00,2026-04-09T23:54:49-07:00,1,12
style.css,152,css,1b75d687,huiyuyie,2026-04-09,23:54:49,-07:00,2026-04-09T23:54:49-07:00,1,29
style.css,153,css,1b75d687,huiyuyie,2026-04-09,23:54:49,-07:00,2026-04-09T23:54:49-07:00,1,18
style.css,154,css,1b75d687,huiyuyie,2026-04-09,23:54:49,-07:00,2026-04-09T23:54:49-07:00,1,8
style.css,155,css,1b75d687,huiyuyie,2026-04-09,23:54:49,-07:00,2026-04-09T23:54:49-07:00,1,14
style.css,156,css,1b75d687,huiyuyie,2026-04-09,23:54:49,-07:00,2026-04-09T23:54:49-07:00,0,0
style.css,157,css,1b75d687,huiyuyie,2026-04-09,23:54:49,-07:00,2026-04-09T23:54:49-07:00,0,0
style.css,158,css,1b75d687,huiyuyie,2026-04-09,23:54:49,-07:00,2026-04-09T23:54:49-07:00,0,14
style.css,159,css,1b75d687,huiyuyie,2026-04-09,23:54:49,-07:00,2026-04-09T23:54:49-07:00,1,8
style.css,160,css,1b75d687,huiyuyie,2026-04-09,23:54:49,-07:00,2026-04-09T23:54:49-07:00,1,15
style.css,161,css,1b75d687,huiyuyie,2026-04-09,23:54:49,-07:00,2026-04-09T23:54:49-07:00,0,0
style.css,162,css,1b75d687,huiyuyie,2026-04-09,23:54:49,-07:00,2026-04-09T23:54:49-07:00,0,0
style.css,163,css,1b75d687,huiyuyie,2026-04-09,23:54:49,-07:00,2026-04-09T23:54:49-07:00,0,9
style.css,164,css,1b75d687,huiyuyie,2026-04-09,23:54:49,-07:00,2026-04-09T23:54:49-07:00,1,18
style.css,165,css,1b75d687,huiyuyie,2026-04-09,23:54:49,-07:00,2026-04-09T23:54:49-07:00,1,23
style.css,166,css,1b75d687,huiyuyie,2026-04-09,23:54:49,-07:00,2026-04-09T23:54:49-07:00,1,17
style.css,167,css,1b75d687,huiyuyie,2026-04-09,23:54:49,-07:00,2026-04-09T23:54:49-07:00,0,0
style.css,168,css,1b75d687,huiyuyie,2026-04-09,23:54:49,-07:00,2026-04-09T23:54:49-07:00,0,0
style.css,169,css,1b75d687,huiyuyie,2026-04-09,23:54:49,-07:00,2026-04-09T23:54:49-07:00,0,12
style.css,170,css,1b75d687,huiyuyie,2026-04-09,23:54:49,-07:00,2026-04-09T23:54:49-07:00,1,17
style.css,171,css,1b75d687,huiyuyie,2026-04-09,23:54:49,-07:00,2026-04-09T23:54:49-07:00,0,0
style.css,172,css,1b75d687,huiyuyie,2026-04-09,23:54:49,-07:00,2026-04-09T23:54:49-07:00,0,0
style.css,173,css,1b75d687,huiyuyie,2026-04-09,23:54:49,-07:00,2026-04-09T23:54:49-07:00,0,9
style.css,174,css,1b75d687,huiyuyie,2026-04-09,23:54:49,-07:00,2026-04-09T23:54:49-07:00,0,14
style.css,175,css,1b75d687,huiyuyie,2026-04-09,23:54:49,-07:00,2026-04-09T23:54:49-07:00,1,18
style.css,176,css,1b75d687,huiyuyie,2026-04-09,23:54:49,-07:00,2026-04-09T23:54:49-07:00,1,20
style.css,177,css,1b75d687,huiyuyie,2026-04-09,23:54:49,-07:00,2026-04-09T23:54:49-07:00,0,0
style.css,178,css,1b75d687,huiyuyie,2026-04-09,23:54:49,-07:00,2026-04-09T23:54:49-07:00,0,0
style.css,179,css,1b75d687,huiyuyie,2026-04-09,23:54:49,-07:00,2026-04-09T23:54:49-07:00,0,14
style.css,180,css,1b75d687,huiyuyie,2026-04-09,23:54:49,-07:00,2026-04-09T23:54:49-07:00,0,19
style.css,181,css,1b75d687,huiyuyie,2026-04-09,23:54:49,-07:00,2026-04-09T23:54:49-07:00,1,18
style.css,182,css,1b75d687,huiyuyie,2026-04-09,23:54:49,-07:00,2026-04-09T23:54:49-07:00,0,0
style.css,183,css,1b75d687,huiyuyie,2026-04-09,23:54:49,-07:00,2026-04-09T23:54:49-07:00,0,0
style.css,184,css,1b75d687,huiyuyie,2026-04-09,23:54:49,-07:00,2026-04-09T23:54:49-07:00,0,14
style.css,185,css,1b75d687,huiyuyie,2026-04-09,23:54:49,-07:00,2026-04-09T23:54:49-07:00,1,25
style.css,186,css,1b75d687,huiyuyie,2026-04-09,23:54:49,-07:00,2026-04-09T23:54:49-07:00,0,0
style.css,187,css,1b75d687,huiyuyie,2026-04-09,23:54:49,-07:00,2026-04-09T23:54:49-07:00,0,0
style.css,188,css,1b75d687,huiyuyie,2026-04-09,23:54:49,-07:00,2026-04-09T23:54:49-07:00,0,13
style.css,189,css,1b75d687,huiyuyie,2026-04-09,23:54:49,-07:00,2026-04-09T23:54:49-07:00,0,9
style.css,190,css,1b75d687,huiyuyie,2026-04-09,23:54:49,-07:00,2026-04-09T23:54:49-07:00,0,9
style.css,191,css,1b75d687,huiyuyie,2026-04-09,23:54:49,-07:00,2026-04-09T23:54:49-07:00,0,12
style.css,192,css,1b75d687,huiyuyie,2026-04-09,23:54:49,-07:00,2026-04-09T23:54:49-07:00,1,15
style.css,193,css,1b75d687,huiyuyie,2026-04-09,23:54:49,-07:00,2026-04-09T23:54:49-07:00,0,0
style.css,194,css,1b75d687,huiyuyie,2026-04-09,23:54:49,-07:00,2026-04-09T23:54:49-07:00,0,5
style.css,195,css,1b75d687,huiyuyie,2026-04-09,23:54:49,-07:00,2026-04-09T23:54:49-07:00,1,17
style.css,196,css,1b75d687,huiyuyie,2026-04-09,23:54:49,-07:00,2026-04-09T23:54:49-07:00,1,23
style.css,197,css,332b5392,huiyuyie,2026-04-23,23:20:44,-07:00,2026-04-23T23:20:44-07:00,0,0
style.css,198,css,332b5392,huiyuyie,2026-04-23,23:20:44,-07:00,2026-04-23T23:20:44-07:00,0,0
style.css,199,css,332b5392,huiyuyie,2026-04-23,23:20:44,-07:00,2026-04-23T23:20:44-07:00,0,0
style.css,200,css,332b5392,huiyuyie,2026-04-23,23:20:44,-07:00,2026-04-23T23:20:44-07:00,0,17
style.css,201,css,332b5392,huiyuyie,2026-04-23,23:20:44,-07:00,2026-04-23T23:20:44-07:00,1,12
style.css,202,css,332b5392,huiyuyie,2026-04-23,23:20:44,-07:00,2026-04-23T23:20:44-07:00,1,36
style.css,203,css,332b5392,huiyuyie,2026-04-23,23:20:44,-07:00,2026-04-23T23:20:44-07:00,1,15
style.css,204,css,332b5392,huiyuyie,2026-04-23,23:20:44,-07:00,2026-04-23T23:20:44-07:00,1,8
style.css,205,css,332b5392,huiyuyie,2026-04-23,23:20:44,-07:00,2026-04-23T23:20:44-07:00,0,0
style.css,206,css,332b5392,huiyuyie,2026-04-23,23:20:44,-07:00,2026-04-23T23:20:44-07:00,0,0
style.css,207,css,332b5392,huiyuyie,2026-04-23,23:20:44,-07:00,2026-04-23T23:20:44-07:00,0,17
style.css,208,css,332b5392,huiyuyie,2026-04-23,23:20:44,-07:00,2026-04-23T23:20:44-07:00,1,10
style.css,209,css,332b5392,huiyuyie,2026-04-23,23:20:44,-07:00,2026-04-23T23:20:44-07:00,1,13
style.css,210,css,332b5392,huiyuyie,2026-04-23,23:20:44,-07:00,2026-04-23T23:20:44-07:00,1,24
style.css,211,css,332b5392,huiyuyie,2026-04-23,23:20:44,-07:00,2026-04-23T23:20:44-07:00,1,16
style.css,212,css,332b5392,huiyuyie,2026-04-23,23:20:44,-07:00,2026-04-23T23:20:44-07:00,1,15
style.css,213,css,332b5392,huiyuyie,2026-04-23,23:20:44,-07:00,2026-04-23T23:20:44-07:00,0,0
style.css,214,css,332b5392,huiyuyie,2026-04-23,23:20:44,-07:00,2026-04-23T23:20:44-07:00,0,0
style.css,215,css,332b5392,huiyuyie,2026-04-23,23:20:44,-07:00,2026-04-23T23:20:44-07:00,0,17
style.css,216,css,332b5392,huiyuyie,2026-04-23,23:20:44,-07:00,2026-04-23T23:20:44-07:00,1,10
style.css,217,css,332b5392,huiyuyie,2026-04-23,23:20:44,-07:00,2026-04-23T23:20:44-07:00,1,8
style.css,218,css,332b5392,huiyuyie,2026-04-23,23:20:44,-07:00,2026-04-23T23:20:44-07:00,1,14
style.css,219,css,332b5392,huiyuyie,2026-04-23,23:20:44,-07:00,2026-04-23T23:20:44-07:00,1,15
style.css,220,css,332b5392,huiyuyie,2026-04-23,23:20:44,-07:00,2026-04-23T23:20:44-07:00,0,0
style.css,221,css,332b5392,huiyuyie,2026-04-23,23:20:44,-07:00,2026-04-23T23:20:44-07:00,0,0
style.css,222,css,332b5392,huiyuyie,2026-04-23,23:20:44,-07:00,2026-04-23T23:20:44-07:00,0,13
style.css,223,css,332b5392,huiyuyie,2026-04-23,23:20:44,-07:00,2026-04-23T23:20:44-07:00,1,10
style.css,224,css,332b5392,huiyuyie,2026-04-23,23:20:44,-07:00,2026-04-23T23:20:44-07:00,1,12
style.css,225,css,332b5392,huiyuyie,2026-04-23,23:20:44,-07:00,2026-04-23T23:20:44-07:00,1,18
style.css,226,css,332b5392,huiyuyie,2026-04-23,23:20:44,-07:00,2026-04-23T23:20:44-07:00,1,18
style.css,227,css,332b5392,huiyuyie,2026-04-23,23:20:44,-07:00,2026-04-23T23:20:44-07:00,1,11
style.css,228,css,9c989f44,huiyuyie,2026-04-27,13:22:33,-07:00,2026-04-27T13:22:33-07:00,0,0
style.css,229,css,9c989f44,huiyuyie,2026-04-27,13:22:33,-07:00,2026-04-27T13:22:33-07:00,0,0
style.css,230,css,9c989f44,huiyuyie,2026-04-27,13:22:33,-07:00,2026-04-27T13:22:33-07:00,0,13
style.css,231,css,9c989f44,huiyuyie,2026-04-27,13:22:33,-07:00,2026-04-27T13:22:33-07:00,1,30
style.css,232,css,9c989f44,huiyuyie,2026-04-27,13:22:33,-07:00,2026-04-27T13:22:33-07:00,1,34
style.css,233,css,9c989f44,huiyuyie,2026-04-27,13:22:33,-07:00,2026-04-27T13:22:33-07:00,1,17
style.css,234,css,9c989f44,huiyuyie,2026-04-27,13:22:33,-07:00,2026-04-27T13:22:33-07:00,1,10
style.css,235,css,9c989f44,huiyuyie,2026-04-27,13:22:33,-07:00,2026-04-27T13:22:33-07:00,1,16
style.css,236,css,9c989f44,huiyuyie,2026-04-27,13:22:33,-07:00,2026-04-27T13:22:33-07:00,0,0
style.css,237,css,9c989f44,huiyuyie,2026-04-27,13:22:33,-07:00,2026-04-27T13:22:33-07:00,0,0
style.css,238,css,9c989f44,huiyuyie,2026-04-27,13:22:33,-07:00,2026-04-27T13:22:33-07:00,0,18
style.css,239,css,9c989f44,huiyuyie,2026-04-27,13:22:33,-07:00,2026-04-27T13:22:33-07:00,1,21
style.css,240,css,9c989f44,huiyuyie,2026-04-27,13:22:33,-07:00,2026-04-27T13:22:33-07:00,1,16
style.css,241,css,9c989f44,huiyuyie,2026-04-27,13:22:33,-07:00,2026-04-27T13:22:33-07:00,1,16
style.css,242,css,9c989f44,huiyuyie,2026-04-27,13:22:33,-07:00,2026-04-27T13:22:33-07:00,0,0
style.css,243,css,9c989f44,huiyuyie,2026-04-27,13:22:33,-07:00,2026-04-27T13:22:33-07:00,0,0
style.css,244,css,9c989f44,huiyuyie,2026-04-27,13:22:33,-07:00,2026-04-27T13:22:33-07:00,0,0
style.css,245,css,9c989f44,huiyuyie,2026-04-27,13:22:33,-07:00,2026-04-27T13:22:33-07:00,0,7
style.css,246,css,9c989f44,huiyuyie,2026-04-27,13:22:33,-07:00,2026-04-27T13:22:33-07:00,1,6
style.css,247,css,9c989f44,huiyuyie,2026-04-27,13:22:33,-07:00,2026-04-27T13:22:33-07:00,1,12
style.css,248,css,9c989f44,huiyuyie,2026-04-27,13:22:33,-07:00,2026-04-27T13:22:33-07:00,1,57
style.css,249,css,9c989f44,huiyuyie,2026-04-27,13:22:33,-07:00,2026-04-27T13:22:33-07:00,1,9
style.css,250,css,9c989f44,huiyuyie,2026-04-27,13:22:33,-07:00,2026-04-27T13:22:33-07:00,0,0
style.css,251,css,9c989f44,huiyuyie,2026-04-27,13:22:33,-07:00,2026-04-27T13:22:33-07:00,1,21
style.css,252,css,9c989f44,huiyuyie,2026-04-27,13:22:33,-07:00,2026-04-27T13:22:33-07:00,1,11
style.css,253,css,9c989f44,huiyuyie,2026-04-27,13:22:33,-07:00,2026-04-27T13:22:33-07:00,1,12
style.css,254,css,9c989f44,huiyuyie,2026-04-27,13:22:33,-07:00,2026-04-27T13:22:33-07:00,0,0
style.css,255,css,9c989f44,huiyuyie,2026-04-27,13:22:33,-07:00,2026-04-27T13:22:33-07:00,0,0
style.css,256,css,9c989f44,huiyuyie,2026-04-27,13:22:33,-07:00,2026-04-27T13:22:33-07:00,0,10
style.css,257,css,9c989f44,huiyuyie,2026-04-27,13:22:33,-07:00,2026-04-27T13:22:33-07:00,1,12
style.css,258,css,9c989f44,huiyuyie,2026-04-27,13:22:33,-07:00,2026-04-27T13:22:33-07:00,1,18
style.css,259,css,9c989f44,huiyuyie,2026-04-27,13:22:33,-07:00,2026-04-27T13:22:33-07:00,1,9
style.css,260,css,9c989f44,huiyuyie,2026-04-27,13:22:33,-07:00,2026-04-27T13:22:33-07:00,0,0
style.css,261,css,9c989f44,huiyuyie,2026-04-27,13:22:33,-07:00,2026-04-27T13:22:33-07:00,0,0
style.css,262,css,9c989f44,huiyuyie,2026-04-27,13:22:33,-07:00,2026-04-27T13:22:33-07:00,0,7
style.css,263,css,9c989f44,huiyuyie,2026-04-27,13:22:33,-07:00,2026-04-27T13:22:33-07:00,1,20
style.css,264,css,9c989f44,huiyuyie,2026-04-27,13:22:33,-07:00,2026-04-27T13:22:33-07:00,0,0
style.css,265,css,9c989f44,huiyuyie,2026-04-27,13:22:33,-07:00,2026-04-27T13:22:33-07:00,1,9
style.css,266,css,9c989f44,huiyuyie,2026-04-27,13:22:33,-07:00,2026-04-27T13:22:33-07:00,1,10
style.css,267,css,9c989f44,huiyuyie,2026-04-27,13:22:33,-07:00,2026-04-27T13:22:33-07:00,1,18
style.css,268,css,9c989f44,huiyuyie,2026-04-27,13:22:33,-07:00,2026-04-27T13:22:33-07:00,0,0
style.css,269,css,9c989f44,huiyuyie,2026-04-27,13:22:33,-07:00,2026-04-27T13:22:33-07:00,1,23
style.css,270,css,9c989f44,huiyuyie,2026-04-27,13:22:33,-07:00,2026-04-27T13:22:33-07:00,0,0
style.css,271,css,9c989f44,huiyuyie,2026-04-27,13:22:33,-07:00,2026-04-27T13:22:33-07:00,1,17
style.css,272,css,9c989f44,huiyuyie,2026-04-27,13:22:33,-07:00,2026-04-27T13:22:33-07:00,0,0
style.css,273,css,9c989f44,huiyuyie,2026-04-27,13:22:33,-07:00,2026-04-27T13:22:33-07:00,0,0
style.css,274,css,9c989f44,huiyuyie,2026-04-27,13:22:33,-07:00,2026-04-27T13:22:33-07:00,0,0
style.css,275,css,9c989f44,huiyuyie,2026-04-27,13:22:33,-07:00,2026-04-27T13:22:33-07:00,0,16
style.css,276,css,9c989f44,huiyuyie,2026-04-27,13:22:33,-07:00,2026-04-27T13:22:33-07:00,1,12
style.css,277,css,9c989f44,huiyuyie,2026-04-27,13:22:33,-07:00,2026-04-27T13:22:33-07:00,1,18
style.css,278,css,9c989f44,huiyuyie,2026-04-27,13:22:33,-07:00,2026-04-27T13:22:33-07:00,1,7
style.css,279,css,9c989f44,huiyuyie,2026-04-27,13:22:33,-07:00,2026-04-27T13:22:33-07:00,0,0
style.css,280,css,9c989f44,huiyuyie,2026-04-27,13:22:33,-07:00,2026-04-27T13:22:33-07:00,0,0
style.css,281,css,fac707b1,huiyuyie,2026-04-29,00:35:51,-07:00,2026-04-29T00:35:51-07:00,0,10
style.css,282,css,fac707b1,huiyuyie,2026-04-29,00:35:51,-07:00,2026-04-29T00:35:51-07:00,1,10
style.css,283,css,fac707b1,huiyuyie,2026-04-29,00:35:51,-07:00,2026-04-29T00:35:51-07:00,1,14
style.css,284,css,fac707b1,huiyuyie,2026-04-29,00:35:51,-07:00,2026-04-29T00:35:51-07:00,0,0
style.css,285,css,fac707b1,huiyuyie,2026-04-29,00:35:51,-07:00,2026-04-29T00:35:51-07:00,1,17
style.css,286,css,fac707b1,huiyuyie,2026-04-29,00:35:51,-07:00,2026-04-29T00:35:51-07:00,1,14
style.css,287,css,fac707b1,huiyuyie,2026-04-29,00:35:51,-07:00,2026-04-29T00:35:51-07:00,0,0
style.css,288,css,fac707b1,huiyuyie,2026-04-29,00:35:51,-07:00,2026-04-29T00:35:51-07:00,1,13
style.css,289,css,fac707b1,huiyuyie,2026-04-29,00:35:51,-07:00,2026-04-29T00:35:51-07:00,0,0
style.css,290,css,fac707b1,huiyuyie,2026-04-29,00:35:51,-07:00,2026-04-29T00:35:51-07:00,1,21
style.css,291,css,fac707b1,huiyuyie,2026-04-29,00:35:51,-07:00,2026-04-29T00:35:51-07:00,1,17
style.css,292,css,fac707b1,huiyuyie,2026-04-29,00:35:51,-07:00,2026-04-29T00:35:51-07:00,0,0
style.css,293,css,fac707b1,huiyuyie,2026-04-29,00:35:51,-07:00,2026-04-29T00:35:51-07:00,1,13
style.css,294,css,fac707b1,huiyuyie,2026-04-29,00:35:51,-07:00,2026-04-29T00:35:51-07:00,0,0
style.css,295,css,fac707b1,huiyuyie,2026-04-29,00:35:51,-07:00,2026-04-29T00:35:51-07:00,0,0
style.css,296,css,fac707b1,huiyuyie,2026-04-29,00:35:51,-07:00,2026-04-29T00:35:51-07:00,0,23
style.css,297,css,fac707b1,huiyuyie,2026-04-29,00:35:51,-07:00,2026-04-29T00:35:51-07:00,1,24
style.css,298,css,fac707b1,huiyuyie,2026-04-29,00:35:51,-07:00,2026-04-29T00:35:51-07:00,0,0
style.css,299,css,fac707b1,huiyuyie,2026-04-29,00:35:51,-07:00,2026-04-29T00:35:51-07:00,0,0
style.css,300,css,fac707b1,huiyuyie,2026-04-29,00:35:51,-07:00,2026-04-29T00:35:51-07:00,0,51
style.css,301,css,fac707b1,huiyuyie,2026-04-29,00:35:51,-07:00,2026-04-29T00:35:51-07:00,1,11
style.css,302,css,fac707b1,huiyuyie,2026-04-29,00:35:51,-07:00,2026-04-29T00:35:51-07:00,0,0
style.css,303,css,fac707b1,huiyuyie,2026-04-29,00:35:51,-07:00,2026-04-29T00:35:51-07:00,0,0
style.css,304,css,fac707b1,huiyuyie,2026-04-29,00:35:51,-07:00,2026-04-29T00:35:51-07:00,0,23
style.css,305,css,fac707b1,huiyuyie,2026-04-29,00:35:51,-07:00,2026-04-29T00:35:51-07:00,1,14
style.css,306,css,fac707b1,huiyuyie,2026-04-29,00:35:51,-07:00,2026-04-29T00:35:51-07:00,0,0
style.css,307,css,fac707b1,huiyuyie,2026-04-29,00:35:51,-07:00,2026-04-29T00:35:51-07:00,0,0
style.css,308,css,fac707b1,huiyuyie,2026-04-29,00:35:51,-07:00,2026-04-29T00:35:51-07:00,0,9
style.css,309,css,fac707b1,huiyuyie,2026-04-29,00:35:51,-07:00,2026-04-29T00:35:51-07:00,1,35
style.css,310,css,fac707b1,huiyuyie,2026-04-29,00:35:51,-07:00,2026-04-29T00:35:51-07:00,0,0
style.css,311,css,fac707b1,huiyuyie,2026-04-29,00:35:51,-07:00,2026-04-29T00:35:51-07:00,0,0
style.css,312,css,fac707b1,huiyuyie,2026-04-29,00:35:51,-07:00,2026-04-29T00:35:51-07:00,0,18
style.css,313,css,fac707b1,huiyuyie,2026-04-29,00:35:51,-07:00,2026-04-29T00:35:51-07:00,1,17
style.css,314,css,e9003458,huiyuyie,2026-04-30,15:23:35,-07:00,2026-04-30T15:23:35-07:00,0,0
style.css,315,css,e9003458,huiyuyie,2026-04-30,15:23:35,-07:00,2026-04-30T15:23:35-07:00,0,0
style.css,316,css,e9003458,huiyuyie,2026-04-30,15:23:35,-07:00,2026-04-30T15:23:35-07:00,0,0
style.css,317,css,e9003458,huiyuyie,2026-04-30,15:23:35,-07:00,2026-04-30T15:23:35-07:00,0,12
style.css,318,css,e9003458,huiyuyie,2026-04-30,15:23:35,-07:00,2026-04-30T15:23:35-07:00,1,18
style.css,319,css,e9003458,huiyuyie,2026-04-30,15:23:35,-07:00,2026-04-30T15:23:35-07:00,1,10
style.css,320,css,e9003458,huiyuyie,2026-04-30,15:23:35,-07:00,2026-04-30T15:23:35-07:00,1,17
style.css,321,css,e9003458,huiyuyie,2026-04-30,15:23:35,-07:00,2026-04-30T15:23:35-07:00,1,15
style.css,322,css,fd0b014c,huiyuyie,2026-05-06,01:44:01,-07:00,2026-05-06T01:44:01-07:00,0,0
style.css,323,css,fd0b014c,huiyuyie,2026-05-06,01:44:01,-07:00,2026-05-06T01:44:01-07:00,0,0
style.css,324,css,fd0b014c,huiyuyie,2026-05-06,01:44:01,-07:00,2026-05-06T01:44:01-07:00,0,0
style.css,325,css,fd0b014c,huiyuyie,2026-05-06,01:44:01,-07:00,2026-05-06T01:44:01-07:00,0,0
style.css,326,css,fd0b014c,huiyuyie,2026-05-06,01:44:01,-07:00,2026-05-06T01:44:01-07:00,0,0
style.css,327,css,fd0b014c,huiyuyie,2026-05-06,01:44:01,-07:00,2026-05-06T01:44:01-07:00,0,0
style.css,328,css,fd0b014c,huiyuyie,2026-05-06,01:44:01,-07:00,2026-05-06T01:44:01-07:00,0,0
style.css,329,css,fd0b014c,huiyuyie,2026-05-06,01:44:01,-07:00,2026-05-06T01:44:01-07:00,0,0
style.css,330,css,fd0b014c,huiyuyie,2026-05-06,01:44:01,-07:00,2026-05-06T01:44:01-07:00,0,27
style.css,331,css,d7b54e34,huiyuyie,2026-05-07,15:00:38,-07:00,2026-05-07T15:00:38-07:00,0,0
style.css,332,css,fd0b014c,huiyuyie,2026-05-06,01:44:01,-07:00,2026-05-06T01:44:01-07:00,0,6
style.css,333,css,fd0b014c,huiyuyie,2026-05-06,01:44:01,-07:00,2026-05-06T01:44:01-07:00,1,12
style.css,334,css,d7b54e34,huiyuyie,2026-05-07,15:00:38,-07:00,2026-05-07T15:00:38-07:00,1,36
style.css,335,css,d7b54e34,huiyuyie,2026-05-07,15:00:38,-07:00,2026-05-07T15:00:38-07:00,1,8
style.css,336,css,d7b54e34,huiyuyie,2026-05-07,15:00:38,-07:00,2026-05-07T15:00:38-07:00,1,17
style.css,337,css,fd0b014c,huiyuyie,2026-05-06,01:44:01,-07:00,2026-05-06T01:44:01-07:00,0,0
style.css,338,css,fd0b014c,huiyuyie,2026-05-06,01:44:01,-07:00,2026-05-06T01:44:01-07:00,0,0
style.css,339,css,fd0b014c,huiyuyie,2026-05-06,01:44:01,-07:00,2026-05-06T01:44:01-07:00,0,9
style.css,340,css,fd0b014c,huiyuyie,2026-05-06,01:44:01,-07:00,2026-05-06T01:44:01-07:00,1,10
style.css,341,css,fd0b014c,huiyuyie,2026-05-06,01:44:01,-07:00,2026-05-06T01:44:01-07:00,1,16
style.css,342,css,d7b54e34,huiyuyie,2026-05-07,15:00:38,-07:00,2026-05-07T15:00:38-07:00,1,15
style.css,343,css,d7b54e34,huiyuyie,2026-05-07,15:00:38,-07:00,2026-05-07T15:00:38-07:00,1,13
style.css,344,css,fd0b014c,huiyuyie,2026-05-06,01:44:01,-07:00,2026-05-06T01:44:01-07:00,1,24
style.css,345,css,fd0b014c,huiyuyie,2026-05-06,01:44:01,-07:00,2026-05-06T01:44:01-07:00,0,0
style.css,346,css,fd0b014c,huiyuyie,2026-05-06,01:44:01,-07:00,2026-05-06T01:44:01-07:00,0,0
style.css,347,css,fd0b014c,huiyuyie,2026-05-06,01:44:01,-07:00,2026-05-06T01:44:01-07:00,0,9
style.css,348,css,fd0b014c,huiyuyie,2026-05-06,01:44:01,-07:00,2026-05-06T01:44:01-07:00,1,10
style.css,349,css,d7b54e34,huiyuyie,2026-05-07,15:00:38,-07:00,2026-05-07T15:00:38-07:00,1,14
style.css,350,css,fd0b014c,huiyuyie,2026-05-06,01:44:01,-07:00,2026-05-06T01:44:01-07:00,1,8
style.css,351,css,fd0b014c,huiyuyie,2026-05-06,01:44:01,-07:00,2026-05-06T01:44:01-07:00,0,0
style.css,352,css,fd0b014c,huiyuyie,2026-05-06,01:44:01,-07:00,2026-05-06T01:44:01-07:00,0,0
style.css,353,css,fd0b014c,huiyuyie,2026-05-06,01:44:01,-07:00,2026-05-06T01:44:01-07:00,0,15
style.css,354,css,fd0b014c,huiyuyie,2026-05-06,01:44:01,-07:00,2026-05-06T01:44:01-07:00,1,11
style.css,355,css,fd0b014c,huiyuyie,2026-05-06,01:44:01,-07:00,2026-05-06T01:44:01-07:00,1,18
style.css,356,css,fd0b014c,huiyuyie,2026-05-06,01:44:01,-07:00,2026-05-06T01:44:01-07:00,1,26
style.css,357,css,fd0b014c,huiyuyie,2026-05-06,01:44:01,-07:00,2026-05-06T01:44:01-07:00,0,0
style.css,358,css,fd0b014c,huiyuyie,2026-05-06,01:44:01,-07:00,2026-05-06T01:44:01-07:00,0,0
style.css,359,css,fd0b014c,huiyuyie,2026-05-06,01:44:01,-07:00,2026-05-06T01:44:01-07:00,0,15
style.css,360,css,fd0b014c,huiyuyie,2026-05-06,01:44:01,-07:00,2026-05-06T01:44:01-07:00,1,12
style.css,361,css,fd0b014c,huiyuyie,2026-05-06,01:44:01,-07:00,2026-05-06T01:44:01-07:00,0,0
style.css,362,css,fd0b014c,huiyuyie,2026-05-06,01:44:01,-07:00,2026-05-06T01:44:01-07:00,0,0
style.css,363,css,fd0b014c,huiyuyie,2026-05-06,01:44:01,-07:00,2026-05-06T01:44:01-07:00,0,7
style.css,364,css,fd0b014c,huiyuyie,2026-05-06,01:44:01,-07:00,2026-05-06T01:44:01-07:00,1,12
style.css,365,css,fd0b014c,huiyuyie,2026-05-06,01:44:01,-07:00,2026-05-06T01:44:01-07:00,1,30
style.css,366,css,fd0b014c,huiyuyie,2026-05-06,01:44:01,-07:00,2026-05-06T01:44:01-07:00,1,13
style.css,367,css,fd0b014c,huiyuyie,2026-05-06,01:44:01,-07:00,2026-05-06T01:44:01-07:00,1,8
style.css,368,css,fd0b014c,huiyuyie,2026-05-06,01:44:01,-07:00,2026-05-06T01:44:01-07:00,1,25
style.css,369,css,fd0b014c,huiyuyie,2026-05-06,01:44:01,-07:00,2026-05-06T01:44:01-07:00,1,39
style.css,370,css,fd0b014c,huiyuyie,2026-05-06,01:44:01,-07:00,2026-05-06T01:44:01-07:00,0,0
style.css,371,css,fd0b014c,huiyuyie,2026-05-06,01:44:01,-07:00,2026-05-06T01:44:01-07:00,0,0
style.css,372,css,fd0b014c,huiyuyie,2026-05-06,01:44:01,-07:00,2026-05-06T01:44:01-07:00,0,42
style.css,373,css,fd0b014c,huiyuyie,2026-05-06,01:44:01,-07:00,2026-05-06T01:44:01-07:00,1,9
style.css,374,css,fd0b014c,huiyuyie,2026-05-06,01:44:01,-07:00,2026-05-06T01:44:01-07:00,1,17
style.css,375,css,fd0b014c,huiyuyie,2026-05-06,01:44:01,-07:00,2026-05-06T01:44:01-07:00,0,0
style.css,376,css,fd0b014c,huiyuyie,2026-05-06,01:44:01,-07:00,2026-05-06T01:44:01-07:00,0,0
style.css,377,css,fd0b014c,huiyuyie,2026-05-06,01:44:01,-07:00,2026-05-06T01:44:01-07:00,0,10
style.css,378,css,fd0b014c,huiyuyie,2026-05-06,01:44:01,-07:00,2026-05-06T01:44:01-07:00,1,16
style.css,379,css,fd0b014c,huiyuyie,2026-05-06,01:44:01,-07:00,2026-05-06T01:44:01-07:00,1,10
style.css,380,css,fd0b014c,huiyuyie,2026-05-06,01:44:01,-07:00,2026-05-06T01:44:01-07:00,0,0
style.css,381,css,fd0b014c,huiyuyie,2026-05-06,01:44:01,-07:00,2026-05-06T01:44:01-07:00,0,0
style.css,382,css,fd0b014c,huiyuyie,2026-05-06,01:44:01,-07:00,2026-05-06T01:44:01-07:00,0,10
style.css,383,css,fd0b014c,huiyuyie,2026-05-06,01:44:01,-07:00,2026-05-06T01:44:01-07:00,1,8
style.css,384,css,fd0b014c,huiyuyie,2026-05-06,01:44:01,-07:00,2026-05-06T01:44:01-07:00,0,0
style.css,385,css,fd0b014c,huiyuyie,2026-05-06,01:44:01,-07:00,2026-05-06T01:44:01-07:00,0,0
style.css,386,css,fd0b014c,huiyuyie,2026-05-06,01:44:01,-07:00,2026-05-06T01:44:01-07:00,0,8
style.css,387,css,fd0b014c,huiyuyie,2026-05-06,01:44:01,-07:00,2026-05-06T01:44:01-07:00,1,14
style.css,388,css,fd0b014c,huiyuyie,2026-05-06,01:44:01,-07:00,2026-05-06T01:44:01-07:00,1,7
style.css,389,css,fd0b014c,huiyuyie,2026-05-06,01:44:01,-07:00,2026-05-06T01:44:01-07:00,1,8
style.css,390,css,fd0b014c,huiyuyie,2026-05-06,01:44:01,-07:00,2026-05-06T01:44:01-07:00,1,35
style.css,391,css,fd0b014c,huiyuyie,2026-05-06,01:44:01,-07:00,2026-05-06T01:44:01-07:00,1,25
style.css,392,css,fd0b014c,huiyuyie,2026-05-06,01:44:01,-07:00,2026-05-06T01:44:01-07:00,1,18
style.css,393,css,fd0b014c,huiyuyie,2026-05-06,01:44:01,-07:00,2026-05-06T01:44:01-07:00,1,19
style.css,394,css,fd0b014c,huiyuyie,2026-05-06,01:44:01,-07:00,2026-05-06T01:44:01-07:00,1,41
style.css,395,css,fd0b014c,huiyuyie,2026-05-06,01:44:01,-07:00,2026-05-06T01:44:01-07:00,1,21
style.css,396,css,fd0b014c,huiyuyie,2026-05-06,01:44:01,-07:00,2026-05-06T01:44:01-07:00,1,10
style.css,397,css,fd0b014c,huiyuyie,2026-05-06,01:44:01,-07:00,2026-05-06T01:44:01-07:00,0,0
style.css,398,css,fd0b014c,huiyuyie,2026-05-06,01:44:01,-07:00,2026-05-06T01:44:01-07:00,0,0
style.css,399,css,fd0b014c,huiyuyie,2026-05-06,01:44:01,-07:00,2026-05-06T01:44:01-07:00,0,6
style.css,400,css,da1c26cf,huiyuyie,2026-05-19,12:09:30,-07:00,2026-05-19T12:09:30-07:00,1,46
style.css,401,css,fd0b014c,huiyuyie,2026-05-06,01:44:01,-07:00,2026-05-06T01:44:01-07:00,1,23
style.css,402,css,fd0b014c,huiyuyie,2026-05-06,01:44:01,-07:00,2026-05-06T01:44:01-07:00,1,22
style.css,403,css,da1c26cf,huiyuyie,2026-05-19,12:09:30,-07:00,2026-05-19T12:09:30-07:00,0,0
style.css,404,css,da1c26cf,huiyuyie,2026-05-19,12:09:30,-07:00,2026-05-19T12:09:30-07:00,1,15
style.css,405,css,da1c26cf,huiyuyie,2026-05-19,12:09:30,-07:00,2026-05-19T12:09:30-07:00,2,3
style.css,406,css,da1c26cf,huiyuyie,2026-05-19,12:09:30,-07:00,2026-05-19T12:09:30-07:00,1,0
style.css,407,css,fd0b014c,huiyuyie,2026-05-06,01:44:01,-07:00,2026-05-06T01:44:01-07:00,0,0
style.css,408,css,fd0b014c,huiyuyie,2026-05-06,01:44:01,-07:00,2026-05-06T01:44:01-07:00,0,0
style.css,409,css,fd0b014c,huiyuyie,2026-05-06,01:44:01,-07:00,2026-05-06T01:44:01-07:00,0,12
style.css,410,css,fd0b014c,huiyuyie,2026-05-06,01:44:01,-07:00,2026-05-06T01:44:01-07:00,1,20
style.css,411,css,d7b54e34,huiyuyie,2026-05-07,15:00:38,-07:00,2026-05-07T15:00:38-07:00,0,0
style.css,412,css,d7b54e34,huiyuyie,2026-05-07,15:00:38,-07:00,2026-05-07T15:00:38-07:00,0,0
style.css,413,css,d7b54e34,huiyuyie,2026-05-07,15:00:38,-07:00,2026-05-07T15:00:38-07:00,0,24
style.css,414,css,d7b54e34,huiyuyie,2026-05-07,15:00:38,-07:00,2026-05-07T15:00:38-07:00,1,2
style.css,415,css,d7b54e34,huiyuyie,2026-05-07,15:00:38,-07:00,2026-05-07T15:00:38-07:00,2,20
style.css,416,css,d7b54e34,huiyuyie,2026-05-07,15:00:38,-07:00,2026-05-07T15:00:38-07:00,1,0
style.css,417,css,d7b54e34,huiyuyie,2026-05-07,15:00:38,-07:00,2026-05-07T15:00:38-07:00,0,0
style.css,418,css,d7b54e34,huiyuyie,2026-05-07,15:00:38,-07:00,2026-05-07T15:00:38-07:00,0,0
style.css,419,css,d7b54e34,huiyuyie,2026-05-07,15:00:38,-07:00,2026-05-07T15:00:38-07:00,0,10
style.css,420,css,d7b54e34,huiyuyie,2026-05-07,15:00:38,-07:00,2026-05-07T15:00:38-07:00,1,16
style.css,421,css,d7b54e34,huiyuyie,2026-05-07,15:00:38,-07:00,2026-05-07T15:00:38-07:00,1,12
style.css,422,css,d7b54e34,huiyuyie,2026-05-07,15:00:38,-07:00,2026-05-07T15:00:38-07:00,1,18
style.css,423,css,d7b54e34,huiyuyie,2026-05-07,15:00:38,-07:00,2026-05-07T15:00:38-07:00,1,20
style.css,424,css,d7b54e34,huiyuyie,2026-05-07,15:00:38,-07:00,2026-05-07T15:00:38-07:00,1,42
style.css,425,css,d7b54e34,huiyuyie,2026-05-07,15:00:38,-07:00,2026-05-07T15:00:38-07:00,0,0
style.css,426,css,d7b54e34,huiyuyie,2026-05-07,15:00:38,-07:00,2026-05-07T15:00:38-07:00,0,0
style.css,427,css,d7b54e34,huiyuyie,2026-05-07,15:00:38,-07:00,2026-05-07T15:00:38-07:00,0,15
style.css,428,css,d7b54e34,huiyuyie,2026-05-07,15:00:38,-07:00,2026-05-07T15:00:38-07:00,1,12
style.css,429,css,d7b54e34,huiyuyie,2026-05-07,15:00:38,-07:00,2026-05-07T15:00:38-07:00,0,0
style.css,430,css,d7b54e34,huiyuyie,2026-05-07,15:00:38,-07:00,2026-05-07T15:00:38-07:00,0,0
style.css,431,css,d7b54e34,huiyuyie,2026-05-07,15:00:38,-07:00,2026-05-07T15:00:38-07:00,0,15
style.css,432,css,d7b54e34,huiyuyie,2026-05-07,15:00:38,-07:00,2026-05-07T15:00:38-07:00,1,12
style.css,433,css,d7b54e34,huiyuyie,2026-05-07,15:00:38,-07:00,2026-05-07T15:00:38-07:00,1,36
style.css,434,css,d7b54e34,huiyuyie,2026-05-07,15:00:38,-07:00,2026-05-07T15:00:38-07:00,1,13
style.css,435,css,d7b54e34,huiyuyie,2026-05-07,15:00:38,-07:00,2026-05-07T15:00:38-07:00,1,15
style.css,436,css,d7b54e34,huiyuyie,2026-05-07,15:00:38,-07:00,2026-05-07T15:00:38-07:00,0,0
style.css,437,css,d7b54e34,huiyuyie,2026-05-07,15:00:38,-07:00,2026-05-07T15:00:38-07:00,0,0
style.css,438,css,d7b54e34,huiyuyie,2026-05-07,15:00:38,-07:00,2026-05-07T15:00:38-07:00,0,19
style.css,439,css,d7b54e34,huiyuyie,2026-05-07,15:00:38,-07:00,2026-05-07T15:00:38-07:00,1,17
style.css,440,css,d7b54e34,huiyuyie,2026-05-07,15:00:38,-07:00,2026-05-07T15:00:38-07:00,0,0
style.css,441,css,d7b54e34,huiyuyie,2026-05-07,15:00:38,-07:00,2026-05-07T15:00:38-07:00,0,0
style.css,442,css,d7b54e34,huiyuyie,2026-05-07,15:00:38,-07:00,2026-05-07T15:00:38-07:00,0,18
style.css,443,css,d7b54e34,huiyuyie,2026-05-07,15:00:38,-07:00,2026-05-07T15:00:38-07:00,1,14
style.css,444,css,d7b54e34,huiyuyie,2026-05-07,15:00:38,-07:00,2026-05-07T15:00:38-07:00,1,16
style.css,445,css,d7b54e34,huiyuyie,2026-05-07,15:00:38,-07:00,2026-05-07T15:00:38-07:00,1,13
style.css,446,css,d7b54e34,huiyuyie,2026-05-07,15:00:38,-07:00,2026-05-07T15:00:38-07:00,1,21
style.css,447,css,d7b54e34,huiyuyie,2026-05-07,15:00:38,-07:00,2026-05-07T15:00:38-07:00,0,0
style.css,448,css,d7b54e34,huiyuyie,2026-05-07,15:00:38,-07:00,2026-05-07T15:00:38-07:00,0,0
style.css,449,css,d7b54e34,huiyuyie,2026-05-07,15:00:38,-07:00,2026-05-07T15:00:38-07:00,0,18
style.css,450,css,d7b54e34,huiyuyie,2026-05-07,15:00:38,-07:00,2026-05-07T15:00:38-07:00,1,8
style.css,451,css,d7b54e34,huiyuyie,2026-05-07,15:00:38,-07:00,2026-05-07T15:00:38-07:00,1,16
style.css,452,css,d7b54e34,huiyuyie,2026-05-07,15:00:38,-07:00,2026-05-07T15:00:38-07:00,1,15
style.css,453,css,da1c26cf,huiyuyie,2026-05-19,12:09:30,-07:00,2026-05-19T12:09:30-07:00,0,0
style.css,454,css,da1c26cf,huiyuyie,2026-05-19,12:09:30,-07:00,2026-05-19T12:09:30-07:00,0,0
style.css,455,css,da1c26cf,huiyuyie,2026-05-19,12:09:30,-07:00,2026-05-19T12:09:30-07:00,0,14
style.css,456,css,da1c26cf,huiyuyie,2026-05-19,12:09:30,-07:00,2026-05-19T12:09:30-07:00,1,12
style.css,457,css,da1c26cf,huiyuyie,2026-05-19,12:09:30,-07:00,2026-05-19T12:09:30-07:00,1,22
style.css,458,css,da1c26cf,huiyuyie,2026-05-19,12:09:30,-07:00,2026-05-19T12:09:30-07:00,1,8
style.css,459,css,da1c26cf,huiyuyie,2026-05-19,12:09:30,-07:00,2026-05-19T12:09:30-07:00,1,15
style.css,460,css,da1c26cf,huiyuyie,2026-05-19,12:09:30,-07:00,2026-05-19T12:09:30-07:00,0,0
style.css,461,css,da1c26cf,huiyuyie,2026-05-19,12:09:30,-07:00,2026-05-19T12:09:30-07:00,0,0
style.css,462,css,da1c26cf,huiyuyie,2026-05-19,12:09:30,-07:00,2026-05-19T12:09:30-07:00,0,20
style.css,463,css,da1c26cf,huiyuyie,2026-05-19,12:09:30,-07:00,2026-05-19T12:09:30-07:00,1,15
style.css,464,css,da1c26cf,huiyuyie,2026-05-19,12:09:30,-07:00,2026-05-19T12:09:30-07:00,1,18
style.css,465,css,da1c26cf,huiyuyie,2026-05-19,12:09:30,-07:00,2026-05-19T12:09:30-07:00,1,18
style.css,466,css,da1c26cf,huiyuyie,2026-05-19,12:09:30,-07:00,2026-05-19T12:09:30-07:00,0,0
style.css,467,css,da1c26cf,huiyuyie,2026-05-19,12:09:30,-07:00,2026-05-19T12:09:30-07:00,0,0
style.css,468,css,da1c26cf,huiyuyie,2026-05-19,12:09:30,-07:00,2026-05-19T12:09:30-07:00,0,11
style.css,469,css,da1c26cf,huiyuyie,2026-05-19,12:09:30,-07:00,2026-05-19T12:09:30-07:00,1,6
style.css,470,css,da1c26cf,huiyuyie,2026-05-19,12:09:30,-07:00,2026-05-19T12:09:30-07:00,1,12
style.css,471,css,da1c26cf,huiyuyie,2026-05-19,12:09:30,-07:00,2026-05-19T12:09:30-07:00,1,21
style.css,472,css,da1c26cf,huiyuyie,2026-05-19,12:09:30,-07:00,2026-05-19T12:09:30-07:00,0,0
style.css,473,css,da1c26cf,huiyuyie,2026-05-19,12:09:30,-07:00,2026-05-19T12:09:30-07:00,0,0
style.css,474,css,da1c26cf,huiyuyie,2026-05-19,12:09:30,-07:00,2026-05-19T12:09:30-07:00,0,16
style.css,475,css,da1c26cf,huiyuyie,2026-05-19,12:09:30,-07:00,2026-05-19T12:09:30-07:00,1,10
style.css,476,css,da1c26cf,huiyuyie,2026-05-19,12:09:30,-07:00,2026-05-19T12:09:30-07:00,1,20
style.css,477,css,da1c26cf,huiyuyie,2026-05-19,12:09:30,-07:00,2026-05-19T12:09:30-07:00,0,0
style.css,478,css,da1c26cf,huiyuyie,2026-05-19,12:09:30,-07:00,2026-05-19T12:09:30-07:00,0,0
style.css,479,css,da1c26cf,huiyuyie,2026-05-19,12:09:30,-07:00,2026-05-19T12:09:30-07:00,0,16
style.css,480,css,da1c26cf,huiyuyie,2026-05-19,12:09:30,-07:00,2026-05-19T12:09:30-07:00,1,19
style.css,481,css,da1c26cf,huiyuyie,2026-05-19,12:09:30,-07:00,2026-05-19T12:09:30-07:00,1,17
style.css,482,css,da1c26cf,huiyuyie,2026-05-19,12:09:30,-07:00,2026-05-19T12:09:30-07:00,1,17
style.css,483,css,da1c26cf,huiyuyie,2026-05-19,12:09:30,-07:00,2026-05-19T12:09:30-07:00,0,0
style.css,484,css,da1c26cf,huiyuyie,2026-05-19,12:09:30,-07:00,2026-05-19T12:09:30-07:00,0,0
style.css,485,css,da1c26cf,huiyuyie,2026-05-19,12:09:30,-07:00,2026-05-19T12:09:30-07:00,0,0
style.css,486,css,da1c26cf,huiyuyie,2026-05-19,12:09:30,-07:00,2026-05-19T12:09:30-07:00,0,0
style.css,487,css,da1c26cf,huiyuyie,2026-05-19,12:09:30,-07:00,2026-05-19T12:09:30-07:00,0,0
style.css,488,css,da1c26cf,huiyuyie,2026-05-19,12:09:30,-07:00,2026-05-19T12:09:30-07:00,0,0
style.css,489,css,da1c26cf,huiyuyie,2026-05-19,12:09:30,-07:00,2026-05-19T12:09:30-07:00,0,6
style.css,490,css,da1c26cf,huiyuyie,2026-05-19,12:09:30,-07:00,2026-05-19T12:09:30-07:00,1,12
style.css,491,css,b6b38f56,huiyuyie,2026-05-19,14:28:24,-07:00,2026-05-19T14:28:24-07:00,1,44
style.css,492,css,b6b38f56,huiyuyie,2026-05-19,14:28:24,-07:00,2026-05-19T14:28:24-07:00,1,19
style.css,493,css,da1c26cf,huiyuyie,2026-05-19,12:09:30,-07:00,2026-05-19T12:09:30-07:00,1,17
style.css,494,css,b6b38f56,huiyuyie,2026-05-19,14:28:24,-07:00,2026-05-19T14:28:24-07:00,1,17
style.css,495,css,da1c26cf,huiyuyie,2026-05-19,12:09:30,-07:00,2026-05-19T12:09:30-07:00,0,0
style.css,496,css,da1c26cf,huiyuyie,2026-05-19,12:09:30,-07:00,2026-05-19T12:09:30-07:00,0,0
style.css,497,css,da1c26cf,huiyuyie,2026-05-19,12:09:30,-07:00,2026-05-19T12:09:30-07:00,0,12
style.css,498,css,da1c26cf,huiyuyie,2026-05-19,12:09:30,-07:00,2026-05-19T12:09:30-07:00,1,18
style.css,499,css,da1c26cf,huiyuyie,2026-05-19,12:09:30,-07:00,2026-05-19T12:09:30-07:00,1,12
style.css,500,css,da1c26cf,huiyuyie,2026-05-19,12:09:30,-07:00,2026-05-19T12:09:30-07:00,1,29
style.css,501,css,da1c26cf,huiyuyie,2026-05-19,12:09:30,-07:00,2026-05-19T12:09:30-07:00,0,0
style.css,502,css,da1c26cf,huiyuyie,2026-05-19,12:09:30,-07:00,2026-05-19T12:09:30-07:00,0,0
style.css,503,css,da1c26cf,huiyuyie,2026-05-19,12:09:30,-07:00,2026-05-19T12:09:30-07:00,0,9
style.css,504,css,da1c26cf,huiyuyie,2026-05-19,12:09:30,-07:00,2026-05-19T12:09:30-07:00,1,13
style.css,505,css,da1c26cf,huiyuyie,2026-05-19,12:09:30,-07:00,2026-05-19T12:09:30-07:00,0,0
style.css,506,css,da1c26cf,huiyuyie,2026-05-19,12:09:30,-07:00,2026-05-19T12:09:30-07:00,0,0
style.css,507,css,da1c26cf,huiyuyie,2026-05-19,12:09:30,-07:00,2026-05-19T12:09:30-07:00,0,9
style.css,508,css,da1c26cf,huiyuyie,2026-05-19,12:09:30,-07:00,2026-05-19T12:09:30-07:00,1,13
style.css,509,css,da1c26cf,huiyuyie,2026-05-19,12:09:30,-07:00,2026-05-19T12:09:30-07:00,1,12
style.css,510,css,da1c26cf,huiyuyie,2026-05-19,12:09:30,-07:00,2026-05-19T12:09:30-07:00,1,14
style.css,511,css,da1c26cf,huiyuyie,2026-05-19,12:09:30,-07:00,2026-05-19T12:09:30-07:00,1,17
style.css,512,css,da1c26cf,huiyuyie,2026-05-19,12:09:30,-07:00,2026-05-19T12:09:30-07:00,1,19
style.css,513,css,b6b38f56,huiyuyie,2026-05-19,14:28:24,-07:00,2026-05-19T14:28:24-07:00,1,10
style.css,514,css,b6b38f56,huiyuyie,2026-05-19,14:28:24,-07:00,2026-05-19T14:28:24-07:00,1,18
style.css,515,css,da1c26cf,huiyuyie,2026-05-19,12:09:30,-07:00,2026-05-19T12:09:30-07:00,1,13
style.css,516,css,da1c26cf,huiyuyie,2026-05-19,12:09:30,-07:00,2026-05-19T12:09:30-07:00,0,0
style.css,517,css,da1c26cf,huiyuyie,2026-05-19,12:09:30,-07:00,2026-05-19T12:09:30-07:00,0,0
style.css,518,css,da1c26cf,huiyuyie,2026-05-19,12:09:30,-07:00,2026-05-19T12:09:30-07:00,0,12
style.css,519,css,da1c26cf,huiyuyie,2026-05-19,12:09:30,-07:00,2026-05-19T12:09:30-07:00,1,13
style.css,520,css,da1c26cf,huiyuyie,2026-05-19,12:09:30,-07:00,2026-05-19T12:09:30-07:00,1,15
style.css,521,css,da1c26cf,huiyuyie,2026-05-19,12:09:30,-07:00,2026-05-19T12:09:30-07:00,1,11
style.css,522,css,da1c26cf,huiyuyie,2026-05-19,12:09:30,-07:00,2026-05-19T12:09:30-07:00,1,16
style.css,523,css,da1c26cf,huiyuyie,2026-05-19,12:09:30,-07:00,2026-05-19T12:09:30-07:00,0,0
style.css,524,css,da1c26cf,huiyuyie,2026-05-19,12:09:30,-07:00,2026-05-19T12:09:30-07:00,0,0
style.css,525,css,da1c26cf,huiyuyie,2026-05-19,12:09:30,-07:00,2026-05-19T12:09:30-07:00,0,4
style.css,526,css,da1c26cf,huiyuyie,2026-05-19,12:09:30,-07:00,2026-05-19T12:09:30-07:00,1,12
style.css,527,css,b6b38f56,huiyuyie,2026-05-19,14:28:24,-07:00,2026-05-19T14:28:24-07:00,1,12
style.css,528,css,da1c26cf,huiyuyie,2026-05-19,12:09:30,-07:00,2026-05-19T12:09:30-07:00,1,14
style.css,529,css,da1c26cf,huiyuyie,2026-05-19,12:09:30,-07:00,2026-05-19T12:09:30-07:00,1,23
style.css,530,css,da1c26cf,huiyuyie,2026-05-19,12:09:30,-07:00,2026-05-19T12:09:30-07:00,1,17
style.css,531,css,da1c26cf,huiyuyie,2026-05-19,12:09:30,-07:00,2026-05-19T12:09:30-07:00,0,0
style.css,532,css,da1c26cf,huiyuyie,2026-05-19,12:09:30,-07:00,2026-05-19T12:09:30-07:00,0,0
style.css,533,css,da1c26cf,huiyuyie,2026-05-19,12:09:30,-07:00,2026-05-19T12:09:30-07:00,0,0
style.css,534,css,da1c26cf,huiyuyie,2026-05-19,12:09:30,-07:00,2026-05-19T12:09:30-07:00,0,10
style.css,535,css,da1c26cf,huiyuyie,2026-05-19,12:09:30,-07:00,2026-05-19T12:09:30-07:00,1,17
style.css,536,css,da1c26cf,huiyuyie,2026-05-19,12:09:30,-07:00,2026-05-19T12:09:30-07:00,1,12
style.css,537,css,da1c26cf,huiyuyie,2026-05-19,12:09:30,-07:00,2026-05-19T12:09:30-07:00,1,8
style.css,538,css,da1c26cf,huiyuyie,2026-05-19,12:09:30,-07:00,2026-05-19T12:09:30-07:00,0,0
style.css,539,css,da1c26cf,huiyuyie,2026-05-19,12:09:30,-07:00,2026-05-19T12:09:30-07:00,0,0
style.css,540,css,da1c26cf,huiyuyie,2026-05-19,12:09:30,-07:00,2026-05-19T12:09:30-07:00,0,14
style.css,541,css,da1c26cf,huiyuyie,2026-05-19,12:09:30,-07:00,2026-05-19T12:09:30-07:00,1,6
style.css,542,css,da1c26cf,huiyuyie,2026-05-19,12:09:30,-07:00,2026-05-19T12:09:30-07:00,0,0
style.css,543,css,da1c26cf,huiyuyie,2026-05-19,12:09:30,-07:00,2026-05-19T12:09:30-07:00,0,0
style.css,544,css,da1c26cf,huiyuyie,2026-05-19,12:09:30,-07:00,2026-05-19T12:09:30-07:00,0,14
style.css,545,css,da1c26cf,huiyuyie,2026-05-19,12:09:30,-07:00,2026-05-19T12:09:30-07:00,1,17
style.css,546,css,da1c26cf,huiyuyie,2026-05-19,12:09:30,-07:00,2026-05-19T12:09:30-07:00,0,0
style.css,547,css,da1c26cf,huiyuyie,2026-05-19,12:09:30,-07:00,2026-05-19T12:09:30-07:00,0,0
style.css,548,css,da1c26cf,huiyuyie,2026-05-19,12:09:30,-07:00,2026-05-19T12:09:30-07:00,0,13
style.css,549,css,da1c26cf,huiyuyie,2026-05-19,12:09:30,-07:00,2026-05-19T12:09:30-07:00,1,15
style.css,550,css,da1c26cf,huiyuyie,2026-05-19,12:09:30,-07:00,2026-05-19T12:09:30-07:00,1,5
style.css,551,css,da1c26cf,huiyuyie,2026-05-19,12:09:30,-07:00,2026-05-19T12:09:30-07:00,1,6
style.css,552,css,da1c26cf,huiyuyie,2026-05-19,12:09:30,-07:00,2026-05-19T12:09:30-07:00,1,11
style.css,553,css,da1c26cf,huiyuyie,2026-05-19,12:09:30,-07:00,2026-05-19T12:09:30-07:00,1,11
style.css,554,css,da1c26cf,huiyuyie,2026-05-19,12:09:30,-07:00,2026-05-19T12:09:30-07:00,0,0
style.css,555,css,da1c26cf,huiyuyie,2026-05-19,12:09:30,-07:00,2026-05-19T12:09:30-07:00,0,0
style.css,556,css,da1c26cf,huiyuyie,2026-05-19,12:09:30,-07:00,2026-05-19T12:09:30-07:00,0,5
style.css,557,css,f41731a4,huiyuyie,2026-05-21,14:58:29,-07:00,2026-05-21T14:58:29-07:00,1,18
style.css,558,css,b6b38f56,huiyuyie,2026-05-19,14:28:24,-07:00,2026-05-19T14:28:24-07:00,1,14
style.css,559,css,b6b38f56,huiyuyie,2026-05-19,14:28:24,-07:00,2026-05-19T14:28:24-07:00,1,15
style.css,560,css,fac707b1,huiyuyie,2026-04-29,00:35:51,-07:00,2026-04-29T00:35:51-07:00,0,0
index.js,1,js,332b5392,huiyuyie,2026-04-23,23:20:44,-07:00,2026-04-23T23:20:44-07:00,0,71
index.js,2,js,332b5392,huiyuyie,2026-04-23,23:20:44,-07:00,2026-04-23T23:20:44-07:00,0,0
index.js,3,js,332b5392,huiyuyie,2026-04-23,23:20:44,-07:00,2026-04-23T23:20:44-07:00,0,54
index.js,4,js,0aa42a31,huiyuyie,2026-04-24,14:14:33,-07:00,2026-04-24T14:14:33-07:00,0,42
index.js,5,js,332b5392,huiyuyie,2026-04-23,23:20:44,-07:00,2026-04-23T23:20:44-07:00,0,0
index.js,6,js,332b5392,huiyuyie,2026-04-23,23:20:44,-07:00,2026-04-23T23:20:44-07:00,0,60
index.js,7,js,332b5392,huiyuyie,2026-04-23,23:20:44,-07:00,2026-04-23T23:20:44-07:00,0,0
index.js,8,js,332b5392,huiyuyie,2026-04-23,23:20:44,-07:00,2026-04-23T23:20:44-07:00,0,54
index.js,9,js,332b5392,huiyuyie,2026-04-23,23:20:44,-07:00,2026-04-23T23:20:44-07:00,0,0
index.js,10,js,332b5392,huiyuyie,2026-04-23,23:20:44,-07:00,2026-04-23T23:20:44-07:00,0,51
index.js,11,js,332b5392,huiyuyie,2026-04-23,23:20:44,-07:00,2026-04-23T23:20:44-07:00,0,0
index.js,12,js,332b5392,huiyuyie,2026-04-23,23:20:44,-07:00,2026-04-23T23:20:44-07:00,0,60
index.js,13,js,332b5392,huiyuyie,2026-04-23,23:20:44,-07:00,2026-04-23T23:20:44-07:00,0,0
index.js,14,js,332b5392,huiyuyie,2026-04-23,23:20:44,-07:00,2026-04-23T23:20:44-07:00,0,17
index.js,15,js,332b5392,huiyuyie,2026-04-23,23:20:44,-07:00,2026-04-23T23:20:44-07:00,1,24
index.js,16,js,332b5392,huiyuyie,2026-04-23,23:20:44,-07:00,2026-04-23T23:20:44-07:00,2,2
index.js,17,js,332b5392,huiyuyie,2026-04-23,23:20:44,-07:00,2026-04-23T23:20:44-07:00,3,55
index.js,18,js,332b5392,huiyuyie,2026-04-23,23:20:44,-07:00,2026-04-23T23:20:44-07:00,3,55
index.js,19,js,332b5392,huiyuyie,2026-04-23,23:20:44,-07:00,2026-04-23T23:20:44-07:00,3,49
index.js,20,js,332b5392,huiyuyie,2026-04-23,23:20:44,-07:00,2026-04-23T23:20:44-07:00,3,49
index.js,21,js,332b5392,huiyuyie,2026-04-23,23:20:44,-07:00,2026-04-23T23:20:44-07:00,2,3
index.js,22,js,332b5392,huiyuyie,2026-04-23,23:20:44,-07:00,2026-04-23T23:20:44-07:00,1,0
index.js,23,js,332b5392,huiyuyie,2026-04-23,23:20:44,-07:00,2026-04-23T23:20:44-07:00,0,0
index.html,1,html,52702ece,huiyuyie,2026-03-29,20:43:26,-07:00,2026-03-29T20:43:26-07:00,0,13
index.html,2,html,52702ece,huiyuyie,2026-03-29,20:43:26,-07:00,2026-03-29T20:43:26-07:00,0,14
index.html,3,html,52702ece,huiyuyie,2026-03-29,20:43:26,-07:00,2026-03-29T20:43:26-07:00,0,4
index.html,4,html,52702ece,huiyuyie,2026-03-29,20:43:26,-07:00,2026-03-29T20:43:26-07:00,2,20
index.html,5,html,52702ece,huiyuyie,2026-03-29,20:43:26,-07:00,2026-03-29T20:43:26-07:00,2,68
index.html,6,html,f09fcb9c,huiyuyie,2026-03-31,20:24:01,-07:00,2026-03-31T20:24:01-07:00,2,51
index.html,7,html,abb49540,huiyuyie,2026-03-30,17:06:17,-07:00,2026-03-30T17:06:17-07:00,2,38
index.html,8,html,52702ece,huiyuyie,2026-03-29,20:43:26,-07:00,2026-03-29T20:43:26-07:00,0,5
index.html,9,html,52702ece,huiyuyie,2026-03-29,20:43:26,-07:00,2026-03-29T20:43:26-07:00,0,4
index.html,10,html,63920fe1,huiyuyie,2026-03-30,21:23:51,-07:00,2026-03-30T21:23:51-07:00,2,16
index.html,11,html,9b196c8e,huiyuyie,2026-04-01,14:13:47,-07:00,2026-04-01T14:13:47-07:00,2,379
index.html,12,html,c14ee6cc,huiyuyie,2026-04-09,14:57:48,-07:00,2026-04-09T14:57:48-07:00,2,75
index.html,13,html,332b5392,huiyuyie,2026-04-23,23:20:44,-07:00,2026-04-23T23:20:44-07:00,2,0
index.html,14,html,332b5392,huiyuyie,2026-04-23,23:20:44,-07:00,2026-04-23T23:20:44-07:00,2,22
index.html,15,html,332b5392,huiyuyie,2026-04-23,23:20:44,-07:00,2026-04-23T23:20:44-07:00,0,0
index.html,16,html,332b5392,huiyuyie,2026-04-23,23:20:44,-07:00,2026-04-23T23:20:44-07:00,2,20
index.html,17,html,332b5392,huiyuyie,2026-04-23,23:20:44,-07:00,2026-04-23T23:20:44-07:00,4,49
index.html,18,html,332b5392,huiyuyie,2026-04-23,23:20:44,-07:00,2026-04-23T23:20:44-07:00,2,4
index.html,19,html,332b5392,huiyuyie,2026-04-23,23:20:44,-07:00,2026-04-23T23:20:44-07:00,0,0
index.html,20,html,332b5392,huiyuyie,2026-04-23,23:20:44,-07:00,2026-04-23T23:20:44-07:00,2,22
index.html,21,html,332b5392,huiyuyie,2026-04-23,23:20:44,-07:00,2026-04-23T23:20:44-07:00,0,0
index.html,22,html,332b5392,huiyuyie,2026-04-23,23:20:44,-07:00,2026-04-23T23:20:44-07:00,2,22
index.html,23,html,332b5392,huiyuyie,2026-04-23,23:20:44,-07:00,2026-04-23T23:20:44-07:00,4,35
index.html,24,html,332b5392,huiyuyie,2026-04-23,23:20:44,-07:00,2026-04-23T23:20:44-07:00,2,4
index.html,25,html,332b5392,huiyuyie,2026-04-23,23:20:44,-07:00,2026-04-23T23:20:44-07:00,0,0
index.html,26,html,332b5392,huiyuyie,2026-04-23,23:20:44,-07:00,2026-04-23T23:20:44-07:00,2,44
index.html,27,html,52702ece,huiyuyie,2026-03-29,20:43:26,-07:00,2026-03-29T20:43:26-07:00,0,5
index.html,28,html,52702ece,huiyuyie,2026-03-29,20:43:26,-07:00,2026-03-29T20:43:26-07:00,0,5
global.js,1,js,a3914d6f,huiyuyie,2026-04-16,15:04:18,-07:00,2026-04-16T15:04:18-07:00,0,7
global.js,2,js,a3914d6f,huiyuyie,2026-04-16,15:04:18,-07:00,2026-04-16T15:04:18-07:00,0,25
global.js,3,js,a3914d6f,huiyuyie,2026-04-16,15:04:18,-07:00,2026-04-16T15:04:18-07:00,0,0
global.js,4,js,a3914d6f,huiyuyie,2026-04-16,15:04:18,-07:00,2026-04-16T15:04:18-07:00,0,41
global.js,5,js,a3914d6f,huiyuyie,2026-04-16,15:04:18,-07:00,2026-04-16T15:04:18-07:00,1,52
global.js,6,js,a3914d6f,huiyuyie,2026-04-16,15:04:18,-07:00,2026-04-16T15:04:18-07:00,0,0
global.js,7,js,a3914d6f,huiyuyie,2026-04-16,15:04:18,-07:00,2026-04-16T15:04:18-07:00,0,0
global.js,8,js,a3914d6f,huiyuyie,2026-04-16,15:04:18,-07:00,2026-04-16T15:04:18-07:00,0,9
global.js,9,js,a3914d6f,huiyuyie,2026-04-16,15:04:18,-07:00,2026-04-16T15:04:18-07:00,0,30
global.js,10,js,a3914d6f,huiyuyie,2026-04-16,15:04:18,-07:00,2026-04-16T15:04:18-07:00,0,0
global.js,11,js,a3914d6f,huiyuyie,2026-04-16,15:04:18,-07:00,2026-04-16T15:04:18-07:00,0,9
global.js,12,js,a3914d6f,huiyuyie,2026-04-16,15:04:18,-07:00,2026-04-16T15:04:18-07:00,0,33
global.js,13,js,a3914d6f,huiyuyie,2026-04-16,15:04:18,-07:00,2026-04-16T15:04:18-07:00,0,72
global.js,14,js,a3914d6f,huiyuyie,2026-04-16,15:04:18,-07:00,2026-04-16T15:04:18-07:00,0,3
global.js,15,js,a3914d6f,huiyuyie,2026-04-16,15:04:18,-07:00,2026-04-16T15:04:18-07:00,0,0
global.js,16,js,a3914d6f,huiyuyie,2026-04-16,15:04:18,-07:00,2026-04-16T15:04:18-07:00,0,9
global.js,17,js,a3914d6f,huiyuyie,2026-04-16,15:04:18,-07:00,2026-04-16T15:04:18-07:00,0,39
global.js,18,js,a3914d6f,huiyuyie,2026-04-16,15:04:18,-07:00,2026-04-16T15:04:18-07:00,0,0
global.js,19,js,a3914d6f,huiyuyie,2026-04-16,15:04:18,-07:00,2026-04-16T15:04:18-07:00,0,0
global.js,20,js,a3914d6f,huiyuyie,2026-04-16,15:04:18,-07:00,2026-04-16T15:04:18-07:00,0,9
global.js,21,js,a3914d6f,huiyuyie,2026-04-16,15:04:18,-07:00,2026-04-16T15:04:18-07:00,0,88
global.js,22,js,a3914d6f,huiyuyie,2026-04-16,15:04:18,-07:00,2026-04-16T15:04:18-07:00,1,3
global.js,23,js,a3914d6f,huiyuyie,2026-04-16,15:04:18,-07:00,2026-04-16T15:04:18-07:00,1,14
global.js,24,js,a3914d6f,huiyuyie,2026-04-16,15:04:18,-07:00,2026-04-16T15:04:18-07:00,0,0
global.js,25,js,a3914d6f,huiyuyie,2026-04-16,15:04:18,-07:00,2026-04-16T15:04:18-07:00,0,11
global.js,26,js,a3914d6f,huiyuyie,2026-04-16,15:04:18,-07:00,2026-04-16T15:04:18-07:00,1,25
global.js,27,js,a3914d6f,huiyuyie,2026-04-16,15:04:18,-07:00,2026-04-16T15:04:18-07:00,1,38
global.js,28,js,a3914d6f,huiyuyie,2026-04-16,15:04:18,-07:00,2026-04-16T15:04:18-07:00,1,36
global.js,29,js,a3914d6f,huiyuyie,2026-04-16,15:04:18,-07:00,2026-04-16T15:04:18-07:00,1,55
global.js,30,js,fd0b014c,huiyuyie,2026-05-06,01:44:01,-07:00,2026-05-06T01:44:01-07:00,1,34
global.js,31,js,fd0b014c,huiyuyie,2026-05-06,01:44:01,-07:00,2026-05-06T01:44:01-07:00,1,29
global.js,32,js,a3914d6f,huiyuyie,2026-04-16,15:04:18,-07:00,2026-04-16T15:04:18-07:00,0,0
global.js,33,js,a3914d6f,huiyuyie,2026-04-16,15:04:18,-07:00,2026-04-16T15:04:18-07:00,0,0
global.js,34,js,a3914d6f,huiyuyie,2026-04-16,15:04:18,-07:00,2026-04-16T15:04:18-07:00,0,38
global.js,35,js,a3914d6f,huiyuyie,2026-04-16,15:04:18,-07:00,2026-04-16T15:04:18-07:00,0,25
global.js,36,js,a3914d6f,huiyuyie,2026-04-16,15:04:18,-07:00,2026-04-16T15:04:18-07:00,0,0
global.js,37,js,a3914d6f,huiyuyie,2026-04-16,15:04:18,-07:00,2026-04-16T15:04:18-07:00,0,20
global.js,38,js,a3914d6f,huiyuyie,2026-04-16,15:04:18,-07:00,2026-04-16T15:04:18-07:00,1,14
global.js,39,js,a3914d6f,huiyuyie,2026-04-16,15:04:18,-07:00,2026-04-16T15:04:18-07:00,1,18
global.js,40,js,a3914d6f,huiyuyie,2026-04-16,15:04:18,-07:00,2026-04-16T15:04:18-07:00,0,0
global.js,41,js,a3914d6f,huiyuyie,2026-04-16,15:04:18,-07:00,2026-04-16T15:04:18-07:00,1,52
global.js,42,js,a3914d6f,huiyuyie,2026-04-16,15:04:18,-07:00,2026-04-16T15:04:18-07:00,0,0
global.js,43,js,a3914d6f,huiyuyie,2026-04-16,15:04:18,-07:00,2026-04-16T15:04:18-07:00,1,70
global.js,44,js,a3914d6f,huiyuyie,2026-04-16,15:04:18,-07:00,2026-04-16T15:04:18-07:00,0,0
global.js,45,js,a3914d6f,huiyuyie,2026-04-16,15:04:18,-07:00,2026-04-16T15:04:18-07:00,1,9
global.js,46,js,a3914d6f,huiyuyie,2026-04-16,15:04:18,-07:00,2026-04-16T15:04:18-07:00,1,34
global.js,47,js,a3914d6f,huiyuyie,2026-04-16,15:04:18,-07:00,2026-04-16T15:04:18-07:00,1,11
global.js,48,js,a3914d6f,huiyuyie,2026-04-16,15:04:18,-07:00,2026-04-16T15:04:18-07:00,1,20
global.js,49,js,a3914d6f,huiyuyie,2026-04-16,15:04:18,-07:00,2026-04-16T15:04:18-07:00,0,0
global.js,50,js,a3914d6f,huiyuyie,2026-04-16,15:04:18,-07:00,2026-04-16T15:04:18-07:00,1,65
global.js,51,js,a3914d6f,huiyuyie,2026-04-16,15:04:18,-07:00,2026-04-16T15:04:18-07:00,2,25
global.js,52,js,a3914d6f,huiyuyie,2026-04-16,15:04:18,-07:00,2026-04-16T15:04:18-07:00,1,0
global.js,53,js,a3914d6f,huiyuyie,2026-04-16,15:04:18,-07:00,2026-04-16T15:04:18-07:00,0,0
global.js,54,js,a3914d6f,huiyuyie,2026-04-16,15:04:18,-07:00,2026-04-16T15:04:18-07:00,1,29
global.js,55,js,a3914d6f,huiyuyie,2026-04-16,15:04:18,-07:00,2026-04-16T15:04:18-07:00,2,18
global.js,56,js,a3914d6f,huiyuyie,2026-04-16,15:04:18,-07:00,2026-04-16T15:04:18-07:00,1,0
global.js,57,js,a3914d6f,huiyuyie,2026-04-16,15:04:18,-07:00,2026-04-16T15:04:18-07:00,0,0
global.js,58,js,a3914d6f,huiyuyie,2026-04-16,15:04:18,-07:00,2026-04-16T15:04:18-07:00,1,12
global.js,59,js,a3914d6f,huiyuyie,2026-04-16,15:04:18,-07:00,2026-04-16T15:04:18-07:00,0,0
global.js,60,js,a3914d6f,huiyuyie,2026-04-16,15:04:18,-07:00,2026-04-16T15:04:18-07:00,0,0
global.js,61,js,332b5392,huiyuyie,2026-04-23,23:20:44,-07:00,2026-04-23T23:20:44-07:00,0,9
global.js,62,js,332b5392,huiyuyie,2026-04-23,23:20:44,-07:00,2026-04-23T23:20:44-07:00,0,31
global.js,63,js,332b5392,huiyuyie,2026-04-23,23:20:44,-07:00,2026-04-23T23:20:44-07:00,1,11
global.js,64,js,332b5392,huiyuyie,2026-04-23,23:20:44,-07:00,2026-04-23T23:20:44-07:00,1,0
global.js,65,js,332b5392,huiyuyie,2026-04-23,23:20:44,-07:00,2026-04-23T23:20:44-07:00,0,26
global.js,66,js,332b5392,huiyuyie,2026-04-23,23:20:44,-07:00,2026-04-23T23:20:44-07:00,0,4
global.js,67,js,332b5392,huiyuyie,2026-04-23,23:20:44,-07:00,2026-04-23T23:20:44-07:00,0,6
global.js,68,js,332b5392,huiyuyie,2026-04-23,23:20:44,-07:00,2026-04-23T23:20:44-07:00,3,43
global.js,69,js,332b5392,huiyuyie,2026-04-23,23:20:44,-07:00,2026-04-23T23:20:44-07:00,3,34
global.js,70,js,332b5392,huiyuyie,2026-04-23,23:20:44,-07:00,2026-04-23T23:20:44-07:00,3,32
global.js,71,js,332b5392,huiyuyie,2026-04-23,23:20:44,-07:00,2026-04-23T23:20:44-07:00,0,7
global.js,72,js,332b5392,huiyuyie,2026-04-23,23:20:44,-07:00,2026-04-23T23:20:44-07:00,0,8
global.js,73,js,332b5392,huiyuyie,2026-04-23,23:20:44,-07:00,2026-04-23T23:20:44-07:00,0,0
global.js,74,js,332b5392,huiyuyie,2026-04-23,23:20:44,-07:00,2026-04-23T23:20:44-07:00,0,0
global.js,75,js,332b5392,huiyuyie,2026-04-23,23:20:44,-07:00,2026-04-23T23:20:44-07:00,0,0
global.js,76,js,a3914d6f,huiyuyie,2026-04-16,15:04:18,-07:00,2026-04-16T15:04:18-07:00,0,9
global.js,77,js,a3914d6f,huiyuyie,2026-04-16,15:04:18,-07:00,2026-04-16T15:04:18-07:00,0,58
global.js,78,js,a3914d6f,huiyuyie,2026-04-16,15:04:18,-07:00,2026-04-16T15:04:18-07:00,0,0
global.js,79,js,a3914d6f,huiyuyie,2026-04-16,15:04:18,-07:00,2026-04-16T15:04:18-07:00,0,49
global.js,80,js,a3914d6f,huiyuyie,2026-04-16,15:04:18,-07:00,2026-04-16T15:04:18-07:00,1,77
global.js,81,js,a3914d6f,huiyuyie,2026-04-16,15:04:18,-07:00,2026-04-16T15:04:18-07:00,0,0
global.js,82,js,a3914d6f,huiyuyie,2026-04-16,15:04:18,-07:00,2026-04-16T15:04:18-07:00,1,9
global.js,83,js,a3914d6f,huiyuyie,2026-04-16,15:04:18,-07:00,2026-04-16T15:04:18-07:00,1,44
global.js,84,js,a3914d6f,huiyuyie,2026-04-16,15:04:18,-07:00,2026-04-16T15:04:18-07:00,0,1
global.js,85,js,a3914d6f,huiyuyie,2026-04-16,15:04:18,-07:00,2026-04-16T15:04:18-07:00,0,0
global.js,86,js,a3914d6f,huiyuyie,2026-04-16,15:04:18,-07:00,2026-04-16T15:04:18-07:00,0,34
global.js,87,js,a3914d6f,huiyuyie,2026-04-16,15:04:18,-07:00,2026-04-16T15:04:18-07:00,1,35
global.js,88,js,a3914d6f,huiyuyie,2026-04-16,15:04:18,-07:00,2026-04-16T15:04:18-07:00,0,0
global.js,89,js,a3914d6f,huiyuyie,2026-04-16,15:04:18,-07:00,2026-04-16T15:04:18-07:00,1,64
global.js,90,js,a3914d6f,huiyuyie,2026-04-16,15:04:18,-07:00,2026-04-16T15:04:18-07:00,0,0
global.js,91,js,a3914d6f,huiyuyie,2026-04-16,15:04:18,-07:00,2026-04-16T15:04:18-07:00,1,19
global.js,92,js,a3914d6f,huiyuyie,2026-04-16,15:04:18,-07:00,2026-04-16T15:04:18-07:00,0,0
global.js,93,js,a3914d6f,huiyuyie,2026-04-16,15:04:18,-07:00,2026-04-16T15:04:18-07:00,0,0
global.js,94,js,a3914d6f,huiyuyie,2026-04-16,15:04:18,-07:00,2026-04-16T15:04:18-07:00,0,0
global.js,95,js,a3914d6f,huiyuyie,2026-04-16,15:04:18,-07:00,2026-04-16T15:04:18-07:00,0,7
global.js,96,js,a3914d6f,huiyuyie,2026-04-16,15:04:18,-07:00,2026-04-16T15:04:18-07:00,0,40
global.js,97,js,a3914d6f,huiyuyie,2026-04-16,15:04:18,-07:00,2026-04-16T15:04:18-07:00,0,0
global.js,98,js,a3914d6f,huiyuyie,2026-04-16,15:04:18,-07:00,2026-04-16T15:04:18-07:00,0,49
global.js,99,js,a3914d6f,huiyuyie,2026-04-16,15:04:18,-07:00,2026-04-16T15:04:18-07:00,1,21
global.js,100,js,a3914d6f,huiyuyie,2026-04-16,15:04:18,-07:00,2026-04-16T15:04:18-07:00,0,0
global.js,101,js,a3914d6f,huiyuyie,2026-04-16,15:04:18,-07:00,2026-04-16T15:04:18-07:00,1,28
global.js,102,js,a3914d6f,huiyuyie,2026-04-16,15:04:18,-07:00,2026-04-16T15:04:18-07:00,1,26
global.js,103,js,a3914d6f,huiyuyie,2026-04-16,15:04:18,-07:00,2026-04-16T15:04:18-07:00,0,0
global.js,104,js,a3914d6f,huiyuyie,2026-04-16,15:04:18,-07:00,2026-04-16T15:04:18-07:00,1,31
global.js,105,js,a3914d6f,huiyuyie,2026-04-16,15:04:18,-07:00,2026-04-16T15:04:18-07:00,2,45
global.js,106,js,a3914d6f,huiyuyie,2026-04-16,15:04:18,-07:00,2026-04-16T15:04:18-07:00,1,0
global.js,107,js,a3914d6f,huiyuyie,2026-04-16,15:04:18,-07:00,2026-04-16T15:04:18-07:00,1,18
global.js,108,js,332b5392,huiyuyie,2026-04-23,23:20:44,-07:00,2026-04-23T23:20:44-07:00,0,1
global.js,109,js,332b5392,huiyuyie,2026-04-23,23:20:44,-07:00,2026-04-23T23:20:44-07:00,0,0
global.js,110,js,332b5392,huiyuyie,2026-04-23,23:20:44,-07:00,2026-04-23T23:20:44-07:00,0,0
global.js,111,js,332b5392,huiyuyie,2026-04-23,23:20:44,-07:00,2026-04-23T23:20:44-07:00,0,0
global.js,112,js,332b5392,huiyuyie,2026-04-23,23:20:44,-07:00,2026-04-23T23:20:44-07:00,0,6
global.js,113,js,332b5392,huiyuyie,2026-04-23,23:20:44,-07:00,2026-04-23T23:20:44-07:00,0,0
global.js,114,js,332b5392,huiyuyie,2026-04-23,23:20:44,-07:00,2026-04-23T23:20:44-07:00,0,0
global.js,115,js,332b5392,huiyuyie,2026-04-23,23:20:44,-07:00,2026-04-23T23:20:44-07:00,0,9
global.js,116,js,332b5392,huiyuyie,2026-04-23,23:20:44,-07:00,2026-04-23T23:20:44-07:00,0,36
global.js,117,js,332b5392,huiyuyie,2026-04-23,23:20:44,-07:00,2026-04-23T23:20:44-07:00,1,3
global.js,118,js,332b5392,huiyuyie,2026-04-23,23:20:44,-07:00,2026-04-23T23:20:44-07:00,2,32
global.js,119,js,332b5392,huiyuyie,2026-04-23,23:20:44,-07:00,2026-04-23T23:20:44-07:00,2,20
global.js,120,js,332b5392,huiyuyie,2026-04-23,23:20:44,-07:00,2026-04-23T23:20:44-07:00,0,0
global.js,121,js,332b5392,huiyuyie,2026-04-23,23:20:44,-07:00,2026-04-23T23:20:44-07:00,2,17
global.js,122,js,332b5392,huiyuyie,2026-04-23,23:20:44,-07:00,2026-04-23T23:20:44-07:00,3,66
global.js,123,js,332b5392,huiyuyie,2026-04-23,23:20:44,-07:00,2026-04-23T23:20:44-07:00,2,0
global.js,124,js,332b5392,huiyuyie,2026-04-23,23:20:44,-07:00,2026-04-23T23:20:44-07:00,0,0
global.js,125,js,332b5392,huiyuyie,2026-04-23,23:20:44,-07:00,2026-04-23T23:20:44-07:00,2,33
global.js,126,js,332b5392,huiyuyie,2026-04-23,23:20:44,-07:00,2026-04-23T23:20:44-07:00,2,10
global.js,127,js,332b5392,huiyuyie,2026-04-23,23:20:44,-07:00,2026-04-23T23:20:44-07:00,0,0
global.js,128,js,332b5392,huiyuyie,2026-04-23,23:20:44,-07:00,2026-04-23T23:20:44-07:00,1,15
global.js,129,js,332b5392,huiyuyie,2026-04-23,23:20:44,-07:00,2026-04-23T23:20:44-07:00,2,59
global.js,130,js,332b5392,huiyuyie,2026-04-23,23:20:44,-07:00,2026-04-23T23:20:44-07:00,1,0
global.js,131,js,332b5392,huiyuyie,2026-04-23,23:20:44,-07:00,2026-04-23T23:20:44-07:00,0,0
global.js,132,js,332b5392,huiyuyie,2026-04-23,23:20:44,-07:00,2026-04-23T23:20:44-07:00,0,0
global.js,133,js,332b5392,huiyuyie,2026-04-23,23:20:44,-07:00,2026-04-23T23:20:44-07:00,0,9
global.js,134,js,332b5392,huiyuyie,2026-04-23,23:20:44,-07:00,2026-04-23T23:20:44-07:00,0,79
global.js,135,js,332b5392,huiyuyie,2026-04-23,23:20:44,-07:00,2026-04-23T23:20:44-07:00,0,0
global.js,136,js,332b5392,huiyuyie,2026-04-23,23:20:44,-07:00,2026-04-23T23:20:44-07:00,1,30
global.js,137,js,332b5392,huiyuyie,2026-04-23,23:20:44,-07:00,2026-04-23T23:20:44-07:00,0,0
global.js,138,js,332b5392,huiyuyie,2026-04-23,23:20:44,-07:00,2026-04-23T23:20:44-07:00,1,29
global.js,139,js,332b5392,huiyuyie,2026-04-23,23:20:44,-07:00,2026-04-23T23:20:44-07:00,0,0
global.js,140,js,332b5392,huiyuyie,2026-04-23,23:20:44,-07:00,2026-04-23T23:20:44-07:00,2,48
global.js,141,js,332b5392,huiyuyie,2026-04-23,23:20:44,-07:00,2026-04-23T23:20:44-07:00,0,0
global.js,142,js,332b5392,huiyuyie,2026-04-23,23:20:44,-07:00,2026-04-23T23:20:44-07:00,2,19
global.js,143,js,332b5392,huiyuyie,2026-04-23,23:20:44,-07:00,2026-04-23T23:20:44-07:00,3,49
global.js,144,js,332b5392,huiyuyie,2026-04-23,23:20:44,-07:00,2026-04-23T23:20:44-07:00,3,49
global.js,145,js,9c989f44,huiyuyie,2026-04-27,13:22:33,-07:00,2026-04-27T13:22:33-07:00,3,3
global.js,146,js,9c989f44,huiyuyie,2026-04-27,13:22:33,-07:00,2026-04-27T13:22:33-07:00,4,27
global.js,147,js,9c989f44,huiyuyie,2026-04-27,13:22:33,-07:00,2026-04-27T13:22:33-07:00,4,44
global.js,148,js,b6d20b44,huiyuyie,2026-05-15,23:53:14,-07:00,2026-05-15T23:53:14-07:00,4,79
global.js,149,js,9c989f44,huiyuyie,2026-04-27,13:22:33,-07:00,2026-04-27T13:22:33-07:00,3,4
global.js,150,js,332b5392,huiyuyie,2026-04-23,23:20:44,-07:00,2026-04-23T23:20:44-07:00,2,0
global.js,151,js,332b5392,huiyuyie,2026-04-23,23:20:44,-07:00,2026-04-23T23:20:44-07:00,0,0
global.js,152,js,332b5392,huiyuyie,2026-04-23,23:20:44,-07:00,2026-04-23T23:20:44-07:00,2,36
global.js,153,js,332b5392,huiyuyie,2026-04-23,23:20:44,-07:00,2026-04-23T23:20:44-07:00,1,0
global.js,154,js,332b5392,huiyuyie,2026-04-23,23:20:44,-07:00,2026-04-23T23:20:44-07:00,0,0
global.js,155,js,332b5392,huiyuyie,2026-04-23,23:20:44,-07:00,2026-04-23T23:20:44-07:00,0,0
global.js,156,js,332b5392,huiyuyie,2026-04-23,23:20:44,-07:00,2026-04-23T23:20:44-07:00,0,9
global.js,157,js,332b5392,huiyuyie,2026-04-23,23:20:44,-07:00,2026-04-23T23:20:44-07:00,0,47
global.js,158,js,332b5392,huiyuyie,2026-04-23,23:20:44,-07:00,2026-04-23T23:20:44-07:00,1,59
global.js,159,js,332b5392,huiyuyie,2026-04-23,23:20:44,-07:00,2026-04-23T23:20:44-07:00,0,0
resume\index.html,1,html,63920fe1,huiyuyie,2026-03-30,21:23:51,-07:00,2026-03-30T21:23:51-07:00,0,13
resume\index.html,2,html,63920fe1,huiyuyie,2026-03-30,21:23:51,-07:00,2026-03-30T21:23:51-07:00,0,14
resume\index.html,3,html,63920fe1,huiyuyie,2026-03-30,21:23:51,-07:00,2026-03-30T21:23:51-07:00,0,4
resume\index.html,4,html,63920fe1,huiyuyie,2026-03-30,21:23:51,-07:00,2026-03-30T21:23:51-07:00,2,20
resume\index.html,5,html,63920fe1,huiyuyie,2026-03-30,21:23:51,-07:00,2026-03-30T21:23:51-07:00,2,68
resume\index.html,6,html,f09fcb9c,huiyuyie,2026-03-31,20:24:01,-07:00,2026-03-31T20:24:01-07:00,2,19
resume\index.html,7,html,f09fcb9c,huiyuyie,2026-03-31,20:24:01,-07:00,2026-03-31T20:24:01-07:00,2,41
resume\index.html,8,html,63920fe1,huiyuyie,2026-03-30,21:23:51,-07:00,2026-03-30T21:23:51-07:00,0,5
resume\index.html,9,html,63920fe1,huiyuyie,2026-03-30,21:23:51,-07:00,2026-03-30T21:23:51-07:00,0,4
resume\index.html,10,html,63920fe1,huiyuyie,2026-03-30,21:23:51,-07:00,2026-03-30T21:23:51-07:00,2,13
resume\index.html,11,html,cbb0d867,huiyuyie,2026-03-31,13:21:33,-07:00,2026-03-31T13:21:33-07:00,2,20
resume\index.html,12,html,cbb0d867,huiyuyie,2026-03-31,13:21:33,-07:00,2026-03-31T13:21:33-07:00,4,14
resume\index.html,13,html,63920fe1,huiyuyie,2026-03-30,21:23:51,-07:00,2026-03-30T21:23:51-07:00,4,1
resume\index.html,14,html,63920fe1,huiyuyie,2026-03-30,21:23:51,-07:00,2026-03-30T21:23:51-07:00,6,140
resume\index.html,15,html,63920fe1,huiyuyie,2026-03-30,21:23:51,-07:00,2026-03-30T21:23:51-07:00,4,2
resume\index.html,16,html,63920fe1,huiyuyie,2026-03-30,21:23:51,-07:00,2026-03-30T21:23:51-07:00,4,1
resume\index.html,17,html,63920fe1,huiyuyie,2026-03-30,21:23:51,-07:00,2026-03-30T21:23:51-07:00,6,229
resume\index.html,18,html,63920fe1,huiyuyie,2026-03-30,21:23:51,-07:00,2026-03-30T21:23:51-07:00,4,2
resume\index.html,19,html,63920fe1,huiyuyie,2026-03-30,21:23:51,-07:00,2026-03-30T21:23:51-07:00,2,8
resume\index.html,20,html,cbb0d867,huiyuyie,2026-03-31,13:21:33,-07:00,2026-03-31T13:21:33-07:00,2,22
resume\index.html,21,html,cbb0d867,huiyuyie,2026-03-31,13:21:33,-07:00,2026-03-31T13:21:33-07:00,4,16
resume\index.html,22,html,63920fe1,huiyuyie,2026-03-30,21:23:51,-07:00,2026-03-30T21:23:51-07:00,4,7
resume\index.html,23,html,0926fec1,huiyuyie,2026-04-01,14:42:25,-07:00,2026-04-01T14:42:25-07:00,6,25
resume\index.html,24,html,0926fec1,huiyuyie,2026-04-01,14:42:25,-07:00,2026-04-01T14:42:25-07:00,8,42
resume\index.html,25,html,0926fec1,huiyuyie,2026-04-01,14:42:25,-07:00,2026-04-01T14:42:25-07:00,8,21
resume\index.html,26,html,0926fec1,huiyuyie,2026-04-01,14:42:25,-07:00,2026-04-01T14:42:25-07:00,10,33
resume\index.html,27,html,0926fec1,huiyuyie,2026-04-01,14:42:25,-07:00,2026-04-01T14:42:25-07:00,10,31
resume\index.html,28,html,0926fec1,huiyuyie,2026-04-01,14:42:25,-07:00,2026-04-01T14:42:25-07:00,8,5
resume\index.html,29,html,0926fec1,huiyuyie,2026-04-01,14:42:25,-07:00,2026-04-01T14:42:25-07:00,6,7
resume\index.html,30,html,63920fe1,huiyuyie,2026-03-30,21:23:51,-07:00,2026-03-30T21:23:51-07:00,6,1
resume\index.html,31,html,1b75d687,huiyuyie,2026-04-09,23:54:49,-07:00,2026-04-09T23:54:49-07:00,8,59
resume\index.html,32,html,63920fe1,huiyuyie,2026-03-30,21:23:51,-07:00,2026-03-30T21:23:51-07:00,6,2
resume\index.html,33,html,63920fe1,huiyuyie,2026-03-30,21:23:51,-07:00,2026-03-30T21:23:51-07:00,4,8
resume\index.html,34,html,63920fe1,huiyuyie,2026-03-30,21:23:51,-07:00,2026-03-30T21:23:51-07:00,2,8
resume\index.html,35,html,cbb0d867,huiyuyie,2026-03-31,13:21:33,-07:00,2026-03-31T13:21:33-07:00,2,19
resume\index.html,36,html,cbb0d867,huiyuyie,2026-03-31,13:21:33,-07:00,2026-03-31T13:21:33-07:00,4,13
resume\index.html,37,html,63920fe1,huiyuyie,2026-03-30,21:23:51,-07:00,2026-03-30T21:23:51-07:00,4,2
resume\index.html,38,html,63920fe1,huiyuyie,2026-03-30,21:23:51,-07:00,2026-03-30T21:23:51-07:00,6,2
resume\index.html,39,html,63920fe1,huiyuyie,2026-03-30,21:23:51,-07:00,2026-03-30T21:23:51-07:00,8,35
resume\index.html,40,html,63920fe1,huiyuyie,2026-03-30,21:23:51,-07:00,2026-03-30T21:23:51-07:00,8,53
resume\index.html,41,html,63920fe1,huiyuyie,2026-03-30,21:23:51,-07:00,2026-03-30T21:23:51-07:00,6,3
resume\index.html,42,html,63920fe1,huiyuyie,2026-03-30,21:23:51,-07:00,2026-03-30T21:23:51-07:00,6,2
resume\index.html,43,html,63920fe1,huiyuyie,2026-03-30,21:23:51,-07:00,2026-03-30T21:23:51-07:00,8,31
resume\index.html,44,html,63920fe1,huiyuyie,2026-03-30,21:23:51,-07:00,2026-03-30T21:23:51-07:00,8,42
resume\index.html,45,html,63920fe1,huiyuyie,2026-03-30,21:23:51,-07:00,2026-03-30T21:23:51-07:00,6,3
resume\index.html,46,html,63920fe1,huiyuyie,2026-03-30,21:23:51,-07:00,2026-03-30T21:23:51-07:00,6,2
resume\index.html,47,html,63920fe1,huiyuyie,2026-03-30,21:23:51,-07:00,2026-03-30T21:23:51-07:00,8,38
resume\index.html,48,html,63920fe1,huiyuyie,2026-03-30,21:23:51,-07:00,2026-03-30T21:23:51-07:00,8,75
resume\index.html,49,html,63920fe1,huiyuyie,2026-03-30,21:23:51,-07:00,2026-03-30T21:23:51-07:00,6,3
resume\index.html,50,html,63920fe1,huiyuyie,2026-03-30,21:23:51,-07:00,2026-03-30T21:23:51-07:00,6,2
resume\index.html,51,html,63920fe1,huiyuyie,2026-03-30,21:23:51,-07:00,2026-03-30T21:23:51-07:00,8,21
resume\index.html,52,html,63920fe1,huiyuyie,2026-03-30,21:23:51,-07:00,2026-03-30T21:23:51-07:00,8,48
resume\index.html,53,html,63920fe1,huiyuyie,2026-03-30,21:23:51,-07:00,2026-03-30T21:23:51-07:00,6,3
resume\index.html,54,html,63920fe1,huiyuyie,2026-03-30,21:23:51,-07:00,2026-03-30T21:23:51-07:00,6,2
resume\index.html,55,html,63920fe1,huiyuyie,2026-03-30,21:23:51,-07:00,2026-03-30T21:23:51-07:00,8,25
resume\index.html,56,html,63920fe1,huiyuyie,2026-03-30,21:23:51,-07:00,2026-03-30T21:23:51-07:00,8,26
resume\index.html,57,html,63920fe1,huiyuyie,2026-03-30,21:23:51,-07:00,2026-03-30T21:23:51-07:00,6,3
resume\index.html,58,html,63920fe1,huiyuyie,2026-03-30,21:23:51,-07:00,2026-03-30T21:23:51-07:00,4,3
resume\index.html,59,html,63920fe1,huiyuyie,2026-03-30,21:23:51,-07:00,2026-03-30T21:23:51-07:00,2,8
resume\index.html,60,html,cbb0d867,huiyuyie,2026-03-31,13:21:33,-07:00,2026-03-31T13:21:33-07:00,2,23
resume\index.html,61,html,cbb0d867,huiyuyie,2026-03-31,13:21:33,-07:00,2026-03-31T13:21:33-07:00,4,17
resume\index.html,62,html,63920fe1,huiyuyie,2026-03-30,21:23:51,-07:00,2026-03-30T21:23:51-07:00,4,7
resume\index.html,63,html,1bb5080e,huiyuyie,2026-04-01,13:31:36,-07:00,2026-04-01T13:31:36-07:00,6,25
resume\index.html,64,html,1b75d687,huiyuyie,2026-04-09,23:54:49,-07:00,2026-04-09T23:54:49-07:00,8,2
resume\index.html,65,html,1b75d687,huiyuyie,2026-04-09,23:54:49,-07:00,2026-04-09T23:54:49-07:00,10,63
resume\index.html,66,html,1b75d687,huiyuyie,2026-04-09,23:54:49,-07:00,2026-04-09T23:54:49-07:00,8,3
resume\index.html,67,html,315da5aa,huiyuyie,2026-04-01,13:53:12,-07:00,2026-04-01T13:53:12-07:00,8,21
resume\index.html,68,html,1425ae05,huiyuyie,2026-04-03,14:50:18,-07:00,2026-04-03T14:50:18-07:00,10,48
resume\index.html,69,html,315da5aa,huiyuyie,2026-04-01,13:53:12,-07:00,2026-04-01T13:53:12-07:00,8,5
resume\index.html,70,html,63920fe1,huiyuyie,2026-03-30,21:23:51,-07:00,2026-03-30T21:23:51-07:00,6,7
resume\index.html,71,html,63920fe1,huiyuyie,2026-03-30,21:23:51,-07:00,2026-03-30T21:23:51-07:00,6,2
resume\index.html,72,html,63920fe1,huiyuyie,2026-03-30,21:23:51,-07:00,2026-03-30T21:23:51-07:00,8,135
resume\index.html,73,html,63920fe1,huiyuyie,2026-03-30,21:23:51,-07:00,2026-03-30T21:23:51-07:00,8,107
resume\index.html,74,html,63920fe1,huiyuyie,2026-03-30,21:23:51,-07:00,2026-03-30T21:23:51-07:00,8,106
resume\index.html,75,html,63920fe1,huiyuyie,2026-03-30,21:23:51,-07:00,2026-03-30T21:23:51-07:00,8,93
resume\index.html,76,html,63920fe1,huiyuyie,2026-03-30,21:23:51,-07:00,2026-03-30T21:23:51-07:00,6,3
resume\index.html,77,html,63920fe1,huiyuyie,2026-03-30,21:23:51,-07:00,2026-03-30T21:23:51-07:00,4,8
resume\index.html,78,html,63920fe1,huiyuyie,2026-03-30,21:23:51,-07:00,2026-03-30T21:23:51-07:00,4,7
resume\index.html,79,html,1bb5080e,huiyuyie,2026-04-01,13:31:36,-07:00,2026-04-01T13:31:36-07:00,6,25
resume\index.html,80,html,1b75d687,huiyuyie,2026-04-09,23:54:49,-07:00,2026-04-09T23:54:49-07:00,8,2
resume\index.html,81,html,1b75d687,huiyuyie,2026-04-09,23:54:49,-07:00,2026-04-09T23:54:49-07:00,10,52
resume\index.html,82,html,1b75d687,huiyuyie,2026-04-09,23:54:49,-07:00,2026-04-09T23:54:49-07:00,8,3
resume\index.html,83,html,315da5aa,huiyuyie,2026-04-01,13:53:12,-07:00,2026-04-01T13:53:12-07:00,8,21
resume\index.html,84,html,1b75d687,huiyuyie,2026-04-09,23:54:49,-07:00,2026-04-09T23:54:49-07:00,10,40
resume\index.html,85,html,1b75d687,huiyuyie,2026-04-09,23:54:49,-07:00,2026-04-09T23:54:49-07:00,10,38
resume\index.html,86,html,315da5aa,huiyuyie,2026-04-01,13:53:12,-07:00,2026-04-01T13:53:12-07:00,8,5
resume\index.html,87,html,63920fe1,huiyuyie,2026-03-30,21:23:51,-07:00,2026-03-30T21:23:51-07:00,6,7
resume\index.html,88,html,63920fe1,huiyuyie,2026-03-30,21:23:51,-07:00,2026-03-30T21:23:51-07:00,6,2
resume\index.html,89,html,63920fe1,huiyuyie,2026-03-30,21:23:51,-07:00,2026-03-30T21:23:51-07:00,8,95
resume\index.html,90,html,63920fe1,huiyuyie,2026-03-30,21:23:51,-07:00,2026-03-30T21:23:51-07:00,8,96
resume\index.html,91,html,63920fe1,huiyuyie,2026-03-30,21:23:51,-07:00,2026-03-30T21:23:51-07:00,8,58
resume\index.html,92,html,63920fe1,huiyuyie,2026-03-30,21:23:51,-07:00,2026-03-30T21:23:51-07:00,8,64
resume\index.html,93,html,63920fe1,huiyuyie,2026-03-30,21:23:51,-07:00,2026-03-30T21:23:51-07:00,6,3
resume\index.html,94,html,63920fe1,huiyuyie,2026-03-30,21:23:51,-07:00,2026-03-30T21:23:51-07:00,4,8
resume\index.html,95,html,63920fe1,huiyuyie,2026-03-30,21:23:51,-07:00,2026-03-30T21:23:51-07:00,4,7
resume\index.html,96,html,1bb5080e,huiyuyie,2026-04-01,13:31:36,-07:00,2026-04-01T13:31:36-07:00,6,25
resume\index.html,97,html,1b75d687,huiyuyie,2026-04-09,23:54:49,-07:00,2026-04-09T23:54:49-07:00,8,2
resume\index.html,98,html,1b75d687,huiyuyie,2026-04-09,23:54:49,-07:00,2026-04-09T23:54:49-07:00,10,50
resume\index.html,99,html,1b75d687,huiyuyie,2026-04-09,23:54:49,-07:00,2026-04-09T23:54:49-07:00,8,3
resume\index.html,100,html,315da5aa,huiyuyie,2026-04-01,13:53:12,-07:00,2026-04-01T13:53:12-07:00,8,21
resume\index.html,101,html,315da5aa,huiyuyie,2026-04-01,13:53:12,-07:00,2026-04-01T13:53:12-07:00,10,40
resume\index.html,102,html,315da5aa,huiyuyie,2026-04-01,13:53:12,-07:00,2026-04-01T13:53:12-07:00,10,38
resume\index.html,103,html,315da5aa,huiyuyie,2026-04-01,13:53:12,-07:00,2026-04-01T13:53:12-07:00,8,5
resume\index.html,104,html,63920fe1,huiyuyie,2026-03-30,21:23:51,-07:00,2026-03-30T21:23:51-07:00,6,7
resume\index.html,105,html,63920fe1,huiyuyie,2026-03-30,21:23:51,-07:00,2026-03-30T21:23:51-07:00,6,2
resume\index.html,106,html,63920fe1,huiyuyie,2026-03-30,21:23:51,-07:00,2026-03-30T21:23:51-07:00,8,76
resume\index.html,107,html,63920fe1,huiyuyie,2026-03-30,21:23:51,-07:00,2026-03-30T21:23:51-07:00,8,93
resume\index.html,108,html,63920fe1,huiyuyie,2026-03-30,21:23:51,-07:00,2026-03-30T21:23:51-07:00,8,70
resume\index.html,109,html,63920fe1,huiyuyie,2026-03-30,21:23:51,-07:00,2026-03-30T21:23:51-07:00,8,74
resume\index.html,110,html,63920fe1,huiyuyie,2026-03-30,21:23:51,-07:00,2026-03-30T21:23:51-07:00,6,3
resume\index.html,111,html,63920fe1,huiyuyie,2026-03-30,21:23:51,-07:00,2026-03-30T21:23:51-07:00,4,8
resume\index.html,112,html,63920fe1,huiyuyie,2026-03-30,21:23:51,-07:00,2026-03-30T21:23:51-07:00,4,7
resume\index.html,113,html,1bb5080e,huiyuyie,2026-04-01,13:31:36,-07:00,2026-04-01T13:31:36-07:00,6,25
resume\index.html,114,html,1b75d687,huiyuyie,2026-04-09,23:54:49,-07:00,2026-04-09T23:54:49-07:00,8,2
resume\index.html,115,html,1b75d687,huiyuyie,2026-04-09,23:54:49,-07:00,2026-04-09T23:54:49-07:00,10,59
resume\index.html,116,html,1b75d687,huiyuyie,2026-04-09,23:54:49,-07:00,2026-04-09T23:54:49-07:00,8,3
resume\index.html,117,html,315da5aa,huiyuyie,2026-04-01,13:53:12,-07:00,2026-04-01T13:53:12-07:00,8,21
resume\index.html,118,html,315da5aa,huiyuyie,2026-04-01,13:53:12,-07:00,2026-04-01T13:53:12-07:00,10,40
resume\index.html,119,html,315da5aa,huiyuyie,2026-04-01,13:53:12,-07:00,2026-04-01T13:53:12-07:00,10,38
resume\index.html,120,html,315da5aa,huiyuyie,2026-04-01,13:53:12,-07:00,2026-04-01T13:53:12-07:00,8,5
resume\index.html,121,html,63920fe1,huiyuyie,2026-03-30,21:23:51,-07:00,2026-03-30T21:23:51-07:00,6,7
resume\index.html,122,html,63920fe1,huiyuyie,2026-03-30,21:23:51,-07:00,2026-03-30T21:23:51-07:00,6,2
resume\index.html,123,html,63920fe1,huiyuyie,2026-03-30,21:23:51,-07:00,2026-03-30T21:23:51-07:00,8,78
resume\index.html,124,html,63920fe1,huiyuyie,2026-03-30,21:23:51,-07:00,2026-03-30T21:23:51-07:00,8,74
resume\index.html,125,html,63920fe1,huiyuyie,2026-03-30,21:23:51,-07:00,2026-03-30T21:23:51-07:00,8,73
resume\index.html,126,html,63920fe1,huiyuyie,2026-03-30,21:23:51,-07:00,2026-03-30T21:23:51-07:00,6,3
resume\index.html,127,html,63920fe1,huiyuyie,2026-03-30,21:23:51,-07:00,2026-03-30T21:23:51-07:00,4,8
resume\index.html,128,html,63920fe1,huiyuyie,2026-03-30,21:23:51,-07:00,2026-03-30T21:23:51-07:00,4,7
resume\index.html,129,html,1bb5080e,huiyuyie,2026-04-01,13:31:36,-07:00,2026-04-01T13:31:36-07:00,6,25
resume\index.html,130,html,1b75d687,huiyuyie,2026-04-09,23:54:49,-07:00,2026-04-09T23:54:49-07:00,8,2
resume\index.html,131,html,1b75d687,huiyuyie,2026-04-09,23:54:49,-07:00,2026-04-09T23:54:49-07:00,10,59
resume\index.html,132,html,1b75d687,huiyuyie,2026-04-09,23:54:49,-07:00,2026-04-09T23:54:49-07:00,8,3
resume\index.html,133,html,315da5aa,huiyuyie,2026-04-01,13:53:12,-07:00,2026-04-01T13:53:12-07:00,8,21
resume\index.html,134,html,315da5aa,huiyuyie,2026-04-01,13:53:12,-07:00,2026-04-01T13:53:12-07:00,10,40
resume\index.html,135,html,315da5aa,huiyuyie,2026-04-01,13:53:12,-07:00,2026-04-01T13:53:12-07:00,10,38
resume\index.html,136,html,315da5aa,huiyuyie,2026-04-01,13:53:12,-07:00,2026-04-01T13:53:12-07:00,8,5
resume\index.html,137,html,63920fe1,huiyuyie,2026-03-30,21:23:51,-07:00,2026-03-30T21:23:51-07:00,6,7
resume\index.html,138,html,63920fe1,huiyuyie,2026-03-30,21:23:51,-07:00,2026-03-30T21:23:51-07:00,6,2
resume\index.html,139,html,63920fe1,huiyuyie,2026-03-30,21:23:51,-07:00,2026-03-30T21:23:51-07:00,8,76
resume\index.html,140,html,63920fe1,huiyuyie,2026-03-30,21:23:51,-07:00,2026-03-30T21:23:51-07:00,8,67
resume\index.html,141,html,63920fe1,huiyuyie,2026-03-30,21:23:51,-07:00,2026-03-30T21:23:51-07:00,8,70
resume\index.html,142,html,63920fe1,huiyuyie,2026-03-30,21:23:51,-07:00,2026-03-30T21:23:51-07:00,6,3
resume\index.html,143,html,63920fe1,huiyuyie,2026-03-30,21:23:51,-07:00,2026-03-30T21:23:51-07:00,4,8
resume\index.html,144,html,63920fe1,huiyuyie,2026-03-30,21:23:51,-07:00,2026-03-30T21:23:51-07:00,2,8
resume\index.html,145,html,a3914d6f,huiyuyie,2026-04-16,15:04:18,-07:00,2026-04-16T15:04:18-07:00,2,48
resume\index.html,146,html,63920fe1,huiyuyie,2026-03-30,21:23:51,-07:00,2026-03-30T21:23:51-07:00,0,5
resume\index.html,147,html,63920fe1,huiyuyie,2026-03-30,21:23:51,-07:00,2026-03-30T21:23:51-07:00,0,5
projects\projects.js,1,js,9c989f44,huiyuyie,2026-04-27,13:22:33,-07:00,2026-04-27T13:22:33-07:00,0,63
projects\projects.js,2,js,9c989f44,huiyuyie,2026-04-27,13:22:33,-07:00,2026-04-27T13:22:33-07:00,0,0
projects\projects.js,3,js,094bd7da,huiyuyie,2026-04-24,00:25:08,-07:00,2026-04-24T00:25:08-07:00,0,55
projects\projects.js,4,js,332b5392,huiyuyie,2026-04-23,23:20:44,-07:00,2026-04-23T23:20:44-07:00,0,0
projects\projects.js,5,js,094bd7da,huiyuyie,2026-04-24,00:25:08,-07:00,2026-04-24T00:25:08-07:00,0,55
projects\projects.js,6,js,332b5392,huiyuyie,2026-04-23,23:20:44,-07:00,2026-04-23T23:20:44-07:00,0,60
projects\projects.js,7,js,332b5392,huiyuyie,2026-04-23,23:20:44,-07:00,2026-04-23T23:20:44-07:00,0,0
projects\projects.js,8,js,e9003458,huiyuyie,2026-04-30,15:23:35,-07:00,2026-04-30T15:23:35-07:00,0,20
projects\projects.js,9,js,e9003458,huiyuyie,2026-04-30,15:23:35,-07:00,2026-04-30T15:23:35-07:00,0,72
projects\projects.js,10,js,e9003458,huiyuyie,2026-04-30,15:23:35,-07:00,2026-04-30T15:23:35-07:00,0,51
projects\projects.js,11,js,332b5392,huiyuyie,2026-04-23,23:20:44,-07:00,2026-04-23T23:20:44-07:00,0,0
projects\projects.js,12,js,332b5392,huiyuyie,2026-04-23,23:20:44,-07:00,2026-04-23T23:20:44-07:00,0,62
projects\projects.js,13,js,9c989f44,huiyuyie,2026-04-27,13:22:33,-07:00,2026-04-27T13:22:33-07:00,0,56
projects\projects.js,14,js,9c989f44,huiyuyie,2026-04-27,13:22:33,-07:00,2026-04-27T13:22:33-07:00,0,0
projects\projects.js,15,js,fac707b1,huiyuyie,2026-04-29,00:35:51,-07:00,2026-04-29T00:35:51-07:00,0,0
projects\projects.js,16,js,e9003458,huiyuyie,2026-04-30,15:23:35,-07:00,2026-04-30T15:23:35-07:00,0,0
projects\projects.js,17,js,9c989f44,huiyuyie,2026-04-27,13:22:33,-07:00,2026-04-27T13:22:33-07:00,0,7
projects\projects.js,18,js,9c989f44,huiyuyie,2026-04-27,13:22:33,-07:00,2026-04-27T13:22:33-07:00,0,0
projects\projects.js,19,js,fac707b1,huiyuyie,2026-04-29,00:35:51,-07:00,2026-04-29T00:35:51-07:00,0,13
projects\projects.js,20,js,e9003458,huiyuyie,2026-04-30,15:23:35,-07:00,2026-04-30T15:23:35-07:00,0,0
projects\projects.js,21,js,e9003458,huiyuyie,2026-04-30,15:23:35,-07:00,2026-04-30T15:23:35-07:00,0,11
projects\projects.js,22,js,e9003458,huiyuyie,2026-04-30,15:23:35,-07:00,2026-04-30T15:23:35-07:00,0,48
projects\projects.js,23,js,cb05915c,huiyuyie,2026-05-01,16:36:49,-07:00,2026-05-01T16:36:49-07:00,0,86
projects\projects.js,24,js,e9003458,huiyuyie,2026-04-30,15:23:35,-07:00,2026-04-30T15:23:35-07:00,0,24
projects\projects.js,25,js,e9003458,huiyuyie,2026-04-30,15:23:35,-07:00,2026-04-30T15:23:35-07:00,0,0
projects\projects.js,26,js,e9003458,huiyuyie,2026-04-30,15:23:35,-07:00,2026-04-30T15:23:35-07:00,0,22
projects\projects.js,27,js,fac707b1,huiyuyie,2026-04-29,00:35:51,-07:00,2026-04-29T00:35:51-07:00,0,0
projects\projects.js,28,js,fac707b1,huiyuyie,2026-04-29,00:35:51,-07:00,2026-04-29T00:35:51-07:00,0,53
projects\projects.js,29,js,fac707b1,huiyuyie,2026-04-29,00:35:51,-07:00,2026-04-29T00:35:51-07:00,0,0
projects\projects.js,30,js,e9003458,huiyuyie,2026-04-30,15:23:35,-07:00,2026-04-30T15:23:35-07:00,0,23
projects\projects.js,31,js,e9003458,huiyuyie,2026-04-30,15:23:35,-07:00,2026-04-30T15:23:35-07:00,1,51
projects\projects.js,32,js,e9003458,huiyuyie,2026-04-30,15:23:35,-07:00,2026-04-30T15:23:35-07:00,2,59
projects\projects.js,33,js,e9003458,huiyuyie,2026-04-30,15:23:35,-07:00,2026-04-30T15:23:35-07:00,2,42
projects\projects.js,34,js,e9003458,huiyuyie,2026-04-30,15:23:35,-07:00,2026-04-30T15:23:35-07:00,1,1
projects\projects.js,35,js,e9003458,huiyuyie,2026-04-30,15:23:35,-07:00,2026-04-30T15:23:35-07:00,0,0
projects\projects.js,36,js,e9003458,huiyuyie,2026-04-30,15:23:35,-07:00,2026-04-30T15:23:35-07:00,1,26
projects\projects.js,37,js,e9003458,huiyuyie,2026-04-30,15:23:35,-07:00,2026-04-30T15:23:35-07:00,2,53
projects\projects.js,38,js,e9003458,huiyuyie,2026-04-30,15:23:35,-07:00,2026-04-30T15:23:35-07:00,3,26
projects\projects.js,39,js,e9003458,huiyuyie,2026-04-30,15:23:35,-07:00,2026-04-30T15:23:35-07:00,2,0
projects\projects.js,40,js,e9003458,huiyuyie,2026-04-30,15:23:35,-07:00,2026-04-30T15:23:35-07:00,1,0
projects\projects.js,41,js,e9003458,huiyuyie,2026-04-30,15:23:35,-07:00,2026-04-30T15:23:35-07:00,0,0
projects\projects.js,42,js,e9003458,huiyuyie,2026-04-30,15:23:35,-07:00,2026-04-30T15:23:35-07:00,1,64
projects\projects.js,43,js,e9003458,huiyuyie,2026-04-30,15:23:35,-07:00,2026-04-30T15:23:35-07:00,0,0
projects\projects.js,44,js,e9003458,huiyuyie,2026-04-30,15:23:35,-07:00,2026-04-30T15:23:35-07:00,1,31
projects\projects.js,45,js,e9003458,huiyuyie,2026-04-30,15:23:35,-07:00,2026-04-30T15:23:35-07:00,0,0
projects\projects.js,46,js,e9003458,huiyuyie,2026-04-30,15:23:35,-07:00,2026-04-30T15:23:35-07:00,1,34
projects\projects.js,47,js,e9003458,huiyuyie,2026-04-30,15:23:35,-07:00,2026-04-30T15:23:35-07:00,2,76
projects\projects.js,48,js,e9003458,huiyuyie,2026-04-30,15:23:35,-07:00,2026-04-30T15:23:35-07:00,1,6
projects\projects.js,49,js,e9003458,huiyuyie,2026-04-30,15:23:35,-07:00,2026-04-30T15:23:35-07:00,2,56
projects\projects.js,50,js,e9003458,huiyuyie,2026-04-30,15:23:35,-07:00,2026-04-30T15:23:35-07:00,1,0
projects\projects.js,51,js,e9003458,huiyuyie,2026-04-30,15:23:35,-07:00,2026-04-30T15:23:35-07:00,0,0
projects\projects.js,52,js,e9003458,huiyuyie,2026-04-30,15:23:35,-07:00,2026-04-30T15:23:35-07:00,1,49
projects\projects.js,53,js,e9003458,huiyuyie,2026-04-30,15:23:35,-07:00,2026-04-30T15:23:35-07:00,2,59
projects\projects.js,54,js,e9003458,huiyuyie,2026-04-30,15:23:35,-07:00,2026-04-30T15:23:35-07:00,2,42
projects\projects.js,55,js,e9003458,huiyuyie,2026-04-30,15:23:35,-07:00,2026-04-30T15:23:35-07:00,1,1
projects\projects.js,56,js,e9003458,huiyuyie,2026-04-30,15:23:35,-07:00,2026-04-30T15:23:35-07:00,0,0
projects\projects.js,57,js,e9003458,huiyuyie,2026-04-30,15:23:35,-07:00,2026-04-30T15:23:35-07:00,1,34
projects\projects.js,58,js,e9003458,huiyuyie,2026-04-30,15:23:35,-07:00,2026-04-30T15:23:35-07:00,2,55
projects\projects.js,59,js,e9003458,huiyuyie,2026-04-30,15:23:35,-07:00,2026-04-30T15:23:35-07:00,2,44
projects\projects.js,60,js,e9003458,huiyuyie,2026-04-30,15:23:35,-07:00,2026-04-30T15:23:35-07:00,1,6
projects\projects.js,61,js,e9003458,huiyuyie,2026-04-30,15:23:35,-07:00,2026-04-30T15:23:35-07:00,2,56
projects\projects.js,62,js,e9003458,huiyuyie,2026-04-30,15:23:35,-07:00,2026-04-30T15:23:35-07:00,2,44
projects\projects.js,63,js,e9003458,huiyuyie,2026-04-30,15:23:35,-07:00,2026-04-30T15:23:35-07:00,0,0
projects\projects.js,64,js,e9003458,huiyuyie,2026-04-30,15:23:35,-07:00,2026-04-30T15:23:35-07:00,2,29
projects\projects.js,65,js,e9003458,huiyuyie,2026-04-30,15:23:35,-07:00,2026-04-30T15:23:35-07:00,1,0
projects\projects.js,66,js,e9003458,huiyuyie,2026-04-30,15:23:35,-07:00,2026-04-30T15:23:35-07:00,0,0
projects\projects.js,67,js,e9003458,huiyuyie,2026-04-30,15:23:35,-07:00,2026-04-30T15:23:35-07:00,0,0
projects\projects.js,68,js,fac707b1,huiyuyie,2026-04-29,00:35:51,-07:00,2026-04-29T00:35:51-07:00,0,38
projects\projects.js,69,js,fac707b1,huiyuyie,2026-04-29,00:35:51,-07:00,2026-04-29T00:35:51-07:00,1,26
projects\projects.js,70,js,fac707b1,huiyuyie,2026-04-29,00:35:51,-07:00,2026-04-29T00:35:51-07:00,2,12
projects\projects.js,71,js,fac707b1,huiyuyie,2026-04-29,00:35:51,-07:00,2026-04-29T00:35:51-07:00,2,14
projects\projects.js,72,js,fac707b1,huiyuyie,2026-04-29,00:35:51,-07:00,2026-04-29T00:35:51-07:00,2,11
projects\projects.js,73,js,fac707b1,huiyuyie,2026-04-29,00:35:51,-07:00,2026-04-29T00:35:51-07:00,1,0
projects\projects.js,74,js,fac707b1,huiyuyie,2026-04-29,00:35:51,-07:00,2026-04-29T00:35:51-07:00,0,0
projects\projects.js,75,js,fac707b1,huiyuyie,2026-04-29,00:35:51,-07:00,2026-04-29T00:35:51-07:00,1,44
projects\projects.js,76,js,fac707b1,huiyuyie,2026-04-29,00:35:51,-07:00,2026-04-29T00:35:51-07:00,2,6
projects\projects.js,77,js,fac707b1,huiyuyie,2026-04-29,00:35:51,-07:00,2026-04-29T00:35:51-07:00,3,11
projects\projects.js,78,js,fac707b1,huiyuyie,2026-04-29,00:35:51,-07:00,2026-04-29T00:35:51-07:00,3,9
projects\projects.js,79,js,fac707b1,huiyuyie,2026-04-29,00:35:51,-07:00,2026-04-29T00:35:51-07:00,2,0
projects\projects.js,80,js,fac707b1,huiyuyie,2026-04-29,00:35:51,-07:00,2026-04-29T00:35:51-07:00,1,1
projects\projects.js,81,js,fac707b1,huiyuyie,2026-04-29,00:35:51,-07:00,2026-04-29T00:35:51-07:00,0,0
projects\projects.js,82,js,fac707b1,huiyuyie,2026-04-29,00:35:51,-07:00,2026-04-29T00:35:51-07:00,1,25
projects\projects.js,83,js,fac707b1,huiyuyie,2026-04-29,00:35:51,-07:00,2026-04-29T00:35:51-07:00,2,13
projects\projects.js,84,js,fac707b1,huiyuyie,2026-04-29,00:35:51,-07:00,2026-04-29T00:35:51-07:00,2,15
projects\projects.js,85,js,fac707b1,huiyuyie,2026-04-29,00:35:51,-07:00,2026-04-29T00:35:51-07:00,0,0
projects\projects.js,86,js,fac707b1,huiyuyie,2026-04-29,00:35:51,-07:00,2026-04-29T00:35:51-07:00,1,50
projects\projects.js,87,js,fac707b1,huiyuyie,2026-04-29,00:35:51,-07:00,2026-04-29T00:35:51-07:00,0,0
projects\projects.js,88,js,fac707b1,huiyuyie,2026-04-29,00:35:51,-07:00,2026-04-29T00:35:51-07:00,1,33
projects\projects.js,89,js,fac707b1,huiyuyie,2026-04-29,00:35:51,-07:00,2026-04-29T00:35:51-07:00,1,45
projects\projects.js,90,js,fac707b1,huiyuyie,2026-04-29,00:35:51,-07:00,2026-04-29T00:35:51-07:00,0,0
projects\projects.js,91,js,fac707b1,huiyuyie,2026-04-29,00:35:51,-07:00,2026-04-29T00:35:51-07:00,1,47
projects\projects.js,92,js,fac707b1,huiyuyie,2026-04-29,00:35:51,-07:00,2026-04-29T00:35:51-07:00,0,0
projects\projects.js,93,js,fac707b1,huiyuyie,2026-04-29,00:35:51,-07:00,2026-04-29T00:35:51-07:00,1,40
projects\projects.js,94,js,fac707b1,huiyuyie,2026-04-29,00:35:51,-07:00,2026-04-29T00:35:51-07:00,1,29
projects\projects.js,95,js,fac707b1,huiyuyie,2026-04-29,00:35:51,-07:00,2026-04-29T00:35:51-07:00,0,0
projects\projects.js,96,js,e9003458,huiyuyie,2026-04-30,15:23:35,-07:00,2026-04-30T15:23:35-07:00,1,26
projects\projects.js,97,js,e9003458,huiyuyie,2026-04-30,15:23:35,-07:00,2026-04-30T15:23:35-07:00,2,1
projects\projects.js,98,js,e9003458,huiyuyie,2026-04-30,15:23:35,-07:00,2026-04-30T15:23:35-07:00,3,13
projects\projects.js,99,js,e9003458,huiyuyie,2026-04-30,15:23:35,-07:00,2026-04-30T15:23:35-07:00,3,13
projects\projects.js,100,js,e9003458,huiyuyie,2026-04-30,15:23:35,-07:00,2026-04-30T15:23:35-07:00,3,24
projects\projects.js,101,js,e9003458,huiyuyie,2026-04-30,15:23:35,-07:00,2026-04-30T15:23:35-07:00,3,63
projects\projects.js,102,js,e9003458,huiyuyie,2026-04-30,15:23:35,-07:00,2026-04-30T15:23:35-07:00,3,18
projects\projects.js,103,js,e9003458,huiyuyie,2026-04-30,15:23:35,-07:00,2026-04-30T15:23:35-07:00,4,32
projects\projects.js,104,js,e9003458,huiyuyie,2026-04-30,15:23:35,-07:00,2026-04-30T15:23:35-07:00,4,62
projects\projects.js,105,js,e9003458,huiyuyie,2026-04-30,15:23:35,-07:00,2026-04-30T15:23:35-07:00,0,0
projects\projects.js,106,js,e9003458,huiyuyie,2026-04-30,15:23:35,-07:00,2026-04-30T15:23:35-07:00,4,13
projects\projects.js,107,js,e9003458,huiyuyie,2026-04-30,15:23:35,-07:00,2026-04-30T15:23:35-07:00,3,1
projects\projects.js,108,js,e9003458,huiyuyie,2026-04-30,15:23:35,-07:00,2026-04-30T15:23:35-07:00,0,0
projects\projects.js,109,js,e9003458,huiyuyie,2026-04-30,15:23:35,-07:00,2026-04-30T15:23:35-07:00,2,21
projects\projects.js,110,js,e9003458,huiyuyie,2026-04-30,15:23:35,-07:00,2026-04-30T15:23:35-07:00,2,65
projects\projects.js,111,js,e9003458,huiyuyie,2026-04-30,15:23:35,-07:00,2026-04-30T15:23:35-07:00,2,85
projects\projects.js,112,js,e9003458,huiyuyie,2026-04-30,15:23:35,-07:00,2026-04-30T15:23:35-07:00,2,0
projects\projects.js,113,js,e9003458,huiyuyie,2026-04-30,15:23:35,-07:00,2026-04-30T15:23:35-07:00,2,56
projects\projects.js,114,js,e9003458,huiyuyie,2026-04-30,15:23:35,-07:00,2026-04-30T15:23:35-07:00,2,21
projects\projects.js,115,js,e9003458,huiyuyie,2026-04-30,15:23:35,-07:00,2026-04-30T15:23:35-07:00,2,52
projects\projects.js,116,js,e9003458,huiyuyie,2026-04-30,15:23:35,-07:00,2026-04-30T15:23:35-07:00,2,0
projects\projects.js,117,js,e9003458,huiyuyie,2026-04-30,15:23:35,-07:00,2026-04-30T15:23:35-07:00,2,6
projects\projects.js,118,js,e9003458,huiyuyie,2026-04-30,15:23:35,-07:00,2026-04-30T15:23:35-07:00,2,23
projects\projects.js,119,js,e9003458,huiyuyie,2026-04-30,15:23:35,-07:00,2026-04-30T15:23:35-07:00,2,69
projects\projects.js,120,js,e9003458,huiyuyie,2026-04-30,15:23:35,-07:00,2026-04-30T15:23:35-07:00,2,0
projects\projects.js,121,js,e9003458,huiyuyie,2026-04-30,15:23:35,-07:00,2026-04-30T15:23:35-07:00,2,9
projects\projects.js,122,js,e9003458,huiyuyie,2026-04-30,15:23:35,-07:00,2026-04-30T15:23:35-07:00,2,21
projects\projects.js,123,js,e9003458,huiyuyie,2026-04-30,15:23:35,-07:00,2026-04-30T15:23:35-07:00,2,69
projects\projects.js,124,js,e9003458,huiyuyie,2026-04-30,15:23:35,-07:00,2026-04-30T15:23:35-07:00,2,0
projects\projects.js,125,js,e9003458,huiyuyie,2026-04-30,15:23:35,-07:00,2026-04-30T15:23:35-07:00,2,30
projects\projects.js,126,js,e9003458,huiyuyie,2026-04-30,15:23:35,-07:00,2026-04-30T15:23:35-07:00,2,60
projects\projects.js,127,js,e9003458,huiyuyie,2026-04-30,15:23:35,-07:00,2026-04-30T15:23:35-07:00,2,11
projects\projects.js,128,js,e9003458,huiyuyie,2026-04-30,15:23:35,-07:00,2026-04-30T15:23:35-07:00,2,50
projects\projects.js,129,js,e9003458,huiyuyie,2026-04-30,15:23:35,-07:00,2026-04-30T15:23:35-07:00,2,0
projects\projects.js,130,js,e9003458,huiyuyie,2026-04-30,15:23:35,-07:00,2026-04-30T15:23:35-07:00,2,61
projects\projects.js,131,js,e9003458,huiyuyie,2026-04-30,15:23:35,-07:00,2026-04-30T15:23:35-07:00,2,35
projects\projects.js,132,js,e9003458,huiyuyie,2026-04-30,15:23:35,-07:00,2026-04-30T15:23:35-07:00,2,7
projects\projects.js,133,js,e9003458,huiyuyie,2026-04-30,15:23:35,-07:00,2026-04-30T15:23:35-07:00,2,0
projects\projects.js,134,js,e9003458,huiyuyie,2026-04-30,15:23:35,-07:00,2026-04-30T15:23:35-07:00,2,63
projects\projects.js,135,js,e9003458,huiyuyie,2026-04-30,15:23:35,-07:00,2026-04-30T15:23:35-07:00,2,4
projects\projects.js,136,js,e9003458,huiyuyie,2026-04-30,15:23:35,-07:00,2026-04-30T15:23:35-07:00,2,4
projects\projects.js,137,js,e9003458,huiyuyie,2026-04-30,15:23:35,-07:00,2026-04-30T15:23:35-07:00,1,1
projects\projects.js,138,js,fac707b1,huiyuyie,2026-04-29,00:35:51,-07:00,2026-04-29T00:35:51-07:00,0,0
projects\projects.js,139,js,fac707b1,huiyuyie,2026-04-29,00:35:51,-07:00,2026-04-29T00:35:51-07:00,1,32
projects\projects.js,140,js,fac707b1,huiyuyie,2026-04-29,00:35:51,-07:00,2026-04-29T00:35:51-07:00,1,30
projects\projects.js,141,js,fac707b1,huiyuyie,2026-04-29,00:35:51,-07:00,2026-04-29T00:35:51-07:00,0,0
projects\projects.js,142,js,e9003458,huiyuyie,2026-04-30,15:23:35,-07:00,2026-04-30T15:23:35-07:00,1,24
projects\projects.js,143,js,e9003458,huiyuyie,2026-04-30,15:23:35,-07:00,2026-04-30T15:23:35-07:00,2,4
projects\projects.js,144,js,e9003458,huiyuyie,2026-04-30,15:23:35,-07:00,2026-04-30T15:23:35-07:00,3,11
projects\projects.js,145,js,e9003458,huiyuyie,2026-04-30,15:23:35,-07:00,2026-04-30T15:23:35-07:00,3,38
projects\projects.js,146,js,e9003458,huiyuyie,2026-04-30,15:23:35,-07:00,2026-04-30T15:23:35-07:00,3,22
projects\projects.js,147,js,e9003458,huiyuyie,2026-04-30,15:23:35,-07:00,2026-04-30T15:23:35-07:00,3,56
projects\projects.js,148,js,e9003458,huiyuyie,2026-04-30,15:23:35,-07:00,2026-04-30T15:23:35-07:00,3,55
projects\projects.js,149,js,e9003458,huiyuyie,2026-04-30,15:23:35,-07:00,2026-04-30T15:23:35-07:00,3,69
projects\projects.js,150,js,e9003458,huiyuyie,2026-04-30,15:23:35,-07:00,2026-04-30T15:23:35-07:00,1,1
projects\projects.js,151,js,fac707b1,huiyuyie,2026-04-29,00:35:51,-07:00,2026-04-29T00:35:51-07:00,0,0
projects\projects.js,152,js,fac707b1,huiyuyie,2026-04-29,00:35:51,-07:00,2026-04-29T00:35:51-07:00,0,0
projects\projects.js,153,js,e9003458,huiyuyie,2026-04-30,15:23:35,-07:00,2026-04-30T15:23:35-07:00,0,24
projects\projects.js,154,js,e9003458,huiyuyie,2026-04-30,15:23:35,-07:00,2026-04-30T15:23:35-07:00,0,79
projects\projects.js,155,js,e9003458,huiyuyie,2026-04-30,15:23:35,-07:00,2026-04-30T15:23:35-07:00,0,26
projects\projects.js,156,js,e9003458,huiyuyie,2026-04-30,15:23:35,-07:00,2026-04-30T15:23:35-07:00,0,0
projects\projects.js,157,js,e9003458,huiyuyie,2026-04-30,15:23:35,-07:00,2026-04-30T15:23:35-07:00,0,0
projects\projects.js,158,js,e9003458,huiyuyie,2026-04-30,15:23:35,-07:00,2026-04-30T15:23:35-07:00,0,18
projects\projects.js,159,js,e9003458,huiyuyie,2026-04-30,15:23:35,-07:00,2026-04-30T15:23:35-07:00,0,64
projects\projects.js,160,js,e9003458,huiyuyie,2026-04-30,15:23:35,-07:00,2026-04-30T15:23:35-07:00,0,0
projects\projects.js,161,js,e9003458,huiyuyie,2026-04-30,15:23:35,-07:00,2026-04-30T15:23:35-07:00,0,51
projects\projects.js,162,js,e9003458,huiyuyie,2026-04-30,15:23:35,-07:00,2026-04-30T15:23:35-07:00,0,30
projects\projects.js,163,js,e9003458,huiyuyie,2026-04-30,15:23:35,-07:00,2026-04-30T15:23:35-07:00,0,0
projects\projects.js,164,js,e9003458,huiyuyie,2026-04-30,15:23:35,-07:00,2026-04-30T15:23:35-07:00,0,56
projects\projects.js,165,js,e9003458,huiyuyie,2026-04-30,15:23:35,-07:00,2026-04-30T15:23:35-07:00,0,66
projects\projects.js,166,js,e9003458,huiyuyie,2026-04-30,15:23:35,-07:00,2026-04-30T15:23:35-07:00,0,49
projects\projects.js,167,js,e9003458,huiyuyie,2026-04-30,15:23:35,-07:00,2026-04-30T15:23:35-07:00,0,6
projects\projects.js,168,js,e9003458,huiyuyie,2026-04-30,15:23:35,-07:00,2026-04-30T15:23:35-07:00,0,0
projects\projects.js,169,js,e9003458,huiyuyie,2026-04-30,15:23:35,-07:00,2026-04-30T15:23:35-07:00,0,61
projects\projects.js,170,js,e9003458,huiyuyie,2026-04-30,15:23:35,-07:00,2026-04-30T15:23:35-07:00,0,36
projects\projects.js,171,js,e9003458,huiyuyie,2026-04-30,15:23:35,-07:00,2026-04-30T15:23:35-07:00,0,4
projects\projects.js,172,js,fac707b1,huiyuyie,2026-04-29,00:35:51,-07:00,2026-04-29T00:35:51-07:00,0,0
projects\projects.js,173,js,fac707b1,huiyuyie,2026-04-29,00:35:51,-07:00,2026-04-29T00:35:51-07:00,0,48
projects\projects.js,174,js,fac707b1,huiyuyie,2026-04-29,00:35:51,-07:00,2026-04-29T00:35:51-07:00,1,25
projects\projects.js,175,js,e9003458,huiyuyie,2026-04-30,15:23:35,-07:00,2026-04-30T15:23:35-07:00,1,13
projects\projects.js,176,js,fac707b1,huiyuyie,2026-04-29,00:35:51,-07:00,2026-04-29T00:35:51-07:00,0,1
projects\projects.js,177,js,fac707b1,huiyuyie,2026-04-29,00:35:51,-07:00,2026-04-29T00:35:51-07:00,0,0
projects\projects.js,178,js,e9003458,huiyuyie,2026-04-30,15:23:35,-07:00,2026-04-30T15:23:35-07:00,0,13
projects\projects.js,179,js,e9003458,huiyuyie,2026-04-30,15:23:35,-07:00,2026-04-30T15:23:35-07:00,0,0
projects\projects.js,180,js,fac707b1,huiyuyie,2026-04-29,00:35:51,-07:00,2026-04-29T00:35:51-07:00,0,0
projects\projects.js,181,js,fac707b1,huiyuyie,2026-04-29,00:35:51,-07:00,2026-04-29T00:35:51-07:00,0,0
projects\projects.js,182,js,9c989f44,huiyuyie,2026-04-27,13:22:33,-07:00,2026-04-27T13:22:33-07:00,0,0
projects\projects.js,183,js,cb05915c,huiyuyie,2026-05-01,16:36:49,-07:00,2026-05-01T16:36:49-07:00,0,0
projects\projects.js,184,js,cb05915c,huiyuyie,2026-05-01,16:36:49,-07:00,2026-05-01T16:36:49-07:00,0,0
projects\projects.js,185,js,cb05915c,huiyuyie,2026-05-01,16:36:49,-07:00,2026-05-01T16:36:49-07:00,0,0
projects\projects.js,186,js,cb05915c,huiyuyie,2026-05-01,16:36:49,-07:00,2026-05-01T16:36:49-07:00,0,0
projects\projects.js,187,js,cb05915c,huiyuyie,2026-05-01,16:36:49,-07:00,2026-05-01T16:36:49-07:00,0,0
projects\projects.js,188,js,cb05915c,huiyuyie,2026-05-01,16:36:49,-07:00,2026-05-01T16:36:49-07:00,0,0
projects\projects.js,189,js,cb05915c,huiyuyie,2026-05-01,16:36:49,-07:00,2026-05-01T16:36:49-07:00,0,0
projects\projects.js,190,js,cb05915c,huiyuyie,2026-05-01,16:36:49,-07:00,2026-05-01T16:36:49-07:00,0,0
projects\projects.js,191,js,fac707b1,huiyuyie,2026-04-29,00:35:51,-07:00,2026-04-29T00:35:51-07:00,0,26
projects\projects.js,192,js,fac707b1,huiyuyie,2026-04-29,00:35:51,-07:00,2026-04-29T00:35:51-07:00,0,16
projects\projects.js,193,js,fac707b1,huiyuyie,2026-04-29,00:35:51,-07:00,2026-04-29T00:35:51-07:00,0,56
projects\projects.js,194,js,fac707b1,huiyuyie,2026-04-29,00:35:51,-07:00,2026-04-29T00:35:51-07:00,0,51
projects\projects.js,195,js,fac707b1,huiyuyie,2026-04-29,00:35:51,-07:00,2026-04-29T00:35:51-07:00,0,24
projects\projects.js,196,js,fac707b1,huiyuyie,2026-04-29,00:35:51,-07:00,2026-04-29T00:35:51-07:00,0,30
projects\projects.js,197,js,fac707b1,huiyuyie,2026-04-29,00:35:51,-07:00,2026-04-29T00:35:51-07:00,0,21
projects\projects.js,198,js,fac707b1,huiyuyie,2026-04-29,00:35:51,-07:00,2026-04-29T00:35:51-07:00,0,56
projects\projects.js,199,js,fac707b1,huiyuyie,2026-04-29,00:35:51,-07:00,2026-04-29T00:35:51-07:00,0,66
projects\projects.js,200,js,fac707b1,huiyuyie,2026-04-29,00:35:51,-07:00,2026-04-29T00:35:51-07:00,0,49
projects\projects.js,201,js,fac707b1,huiyuyie,2026-04-29,00:35:51,-07:00,2026-04-29T00:35:51-07:00,0,6
projects\projects.js,202,js,fac707b1,huiyuyie,2026-04-29,00:35:51,-07:00,2026-04-29T00:35:51-07:00,0,30
projects\projects.js,203,js,fac707b1,huiyuyie,2026-04-29,00:35:51,-07:00,2026-04-29T00:35:51-07:00,0,61
projects\projects.js,204,js,9c989f44,huiyuyie,2026-04-27,13:22:33,-07:00,2026-04-27T13:22:33-07:00,0,4
projects\projects.js,205,js,9c989f44,huiyuyie,2026-04-27,13:22:33,-07:00,2026-04-27T13:22:33-07:00,0,0
projects\projects.js,206,js,9c989f44,huiyuyie,2026-04-27,13:22:33,-07:00,2026-04-27T13:22:33-07:00,0,0
projects\projects.js,207,js,fac707b1,huiyuyie,2026-04-29,00:35:51,-07:00,2026-04-29T00:35:51-07:00,0,12
projects\projects.js,208,js,fac707b1,huiyuyie,2026-04-29,00:35:51,-07:00,2026-04-29T00:35:51-07:00,0,31
projects\projects.js,209,js,fac707b1,huiyuyie,2026-04-29,00:35:51,-07:00,2026-04-29T00:35:51-07:00,0,21
projects\projects.js,210,js,fac707b1,huiyuyie,2026-04-29,00:35:51,-07:00,2026-04-29T00:35:51-07:00,0,23
projects\projects.js,211,js,fac707b1,huiyuyie,2026-04-29,00:35:51,-07:00,2026-04-29T00:35:51-07:00,0,0
projects\projects.js,212,js,fac707b1,huiyuyie,2026-04-29,00:35:51,-07:00,2026-04-29T00:35:51-07:00,0,28
projects\projects.js,213,js,fac707b1,huiyuyie,2026-04-29,00:35:51,-07:00,2026-04-29T00:35:51-07:00,0,20
projects\projects.js,214,js,fac707b1,huiyuyie,2026-04-29,00:35:51,-07:00,2026-04-29T00:35:51-07:00,0,27
projects\projects.js,215,js,fac707b1,huiyuyie,2026-04-29,00:35:51,-07:00,2026-04-29T00:35:51-07:00,0,7
projects\projects.js,216,js,fac707b1,huiyuyie,2026-04-29,00:35:51,-07:00,2026-04-29T00:35:51-07:00,0,0
projects\projects.js,217,js,fac707b1,huiyuyie,2026-04-29,00:35:51,-07:00,2026-04-29T00:35:51-07:00,0,35
projects\projects.js,218,js,fac707b1,huiyuyie,2026-04-29,00:35:51,-07:00,2026-04-29T00:35:51-07:00,0,21
projects\projects.js,219,js,fac707b1,huiyuyie,2026-04-29,00:35:51,-07:00,2026-04-29T00:35:51-07:00,0,21
projects\projects.js,220,js,fac707b1,huiyuyie,2026-04-29,00:35:51,-07:00,2026-04-29T00:35:51-07:00,0,27
projects\projects.js,221,js,fac707b1,huiyuyie,2026-04-29,00:35:51,-07:00,2026-04-29T00:35:51-07:00,0,0
projects\projects.js,222,js,fac707b1,huiyuyie,2026-04-29,00:35:51,-07:00,2026-04-29T00:35:51-07:00,0,0
projects\projects.js,223,js,fac707b1,huiyuyie,2026-04-29,00:35:51,-07:00,2026-04-29T00:35:51-07:00,0,23
projects\projects.js,224,js,fac707b1,huiyuyie,2026-04-29,00:35:51,-07:00,2026-04-29T00:35:51-07:00,0,16
projects\projects.js,225,js,fac707b1,huiyuyie,2026-04-29,00:35:51,-07:00,2026-04-29T00:35:51-07:00,0,36
projects\projects.js,226,js,fac707b1,huiyuyie,2026-04-29,00:35:51,-07:00,2026-04-29T00:35:51-07:00,0,37
projects\projects.js,227,js,fac707b1,huiyuyie,2026-04-29,00:35:51,-07:00,2026-04-29T00:35:51-07:00,0,36
projects\projects.js,228,js,fac707b1,huiyuyie,2026-04-29,00:35:51,-07:00,2026-04-29T00:35:51-07:00,0,35
projects\projects.js,229,js,fac707b1,huiyuyie,2026-04-29,00:35:51,-07:00,2026-04-29T00:35:51-07:00,0,35
projects\projects.js,230,js,fac707b1,huiyuyie,2026-04-29,00:35:51,-07:00,2026-04-29T00:35:51-07:00,0,38
projects\projects.js,231,js,fac707b1,huiyuyie,2026-04-29,00:35:51,-07:00,2026-04-29T00:35:51-07:00,0,6
projects\projects.js,232,js,fac707b1,huiyuyie,2026-04-29,00:35:51,-07:00,2026-04-29T00:35:51-07:00,0,0
projects\projects.js,233,js,fac707b1,huiyuyie,2026-04-29,00:35:51,-07:00,2026-04-29T00:35:51-07:00,0,0
projects\projects.js,234,js,fac707b1,huiyuyie,2026-04-29,00:35:51,-07:00,2026-04-29T00:35:51-07:00,0,10
projects\projects.js,235,js,fac707b1,huiyuyie,2026-04-29,00:35:51,-07:00,2026-04-29T00:35:51-07:00,0,29
projects\projects.js,236,js,fac707b1,huiyuyie,2026-04-29,00:35:51,-07:00,2026-04-29T00:35:51-07:00,0,12
projects\projects.js,237,js,fac707b1,huiyuyie,2026-04-29,00:35:51,-07:00,2026-04-29T00:35:51-07:00,0,19
projects\projects.js,238,js,fac707b1,huiyuyie,2026-04-29,00:35:51,-07:00,2026-04-29T00:35:51-07:00,0,16
projects\projects.js,239,js,fac707b1,huiyuyie,2026-04-29,00:35:51,-07:00,2026-04-29T00:35:51-07:00,0,3
projects\projects.js,240,js,fac707b1,huiyuyie,2026-04-29,00:35:51,-07:00,2026-04-29T00:35:51-07:00,0,0
projects\projects.js,241,js,fac707b1,huiyuyie,2026-04-29,00:35:51,-07:00,2026-04-29T00:35:51-07:00,0,47
projects\projects.js,242,js,fac707b1,huiyuyie,2026-04-29,00:35:51,-07:00,2026-04-29T00:35:51-07:00,0,11
projects\projects.js,243,js,fac707b1,huiyuyie,2026-04-29,00:35:51,-07:00,2026-04-29T00:35:51-07:00,0,18
projects\projects.js,244,js,fac707b1,huiyuyie,2026-04-29,00:35:51,-07:00,2026-04-29T00:35:51-07:00,0,16
projects\projects.js,245,js,fac707b1,huiyuyie,2026-04-29,00:35:51,-07:00,2026-04-29T00:35:51-07:00,0,5
projects\projects.js,246,js,fac707b1,huiyuyie,2026-04-29,00:35:51,-07:00,2026-04-29T00:35:51-07:00,0,4
projects\projects.js,247,js,fac707b1,huiyuyie,2026-04-29,00:35:51,-07:00,2026-04-29T00:35:51-07:00,0,0
projects\projects.js,248,js,fac707b1,huiyuyie,2026-04-29,00:35:51,-07:00,2026-04-29T00:35:51-07:00,0,28
projects\projects.js,249,js,fac707b1,huiyuyie,2026-04-29,00:35:51,-07:00,2026-04-29T00:35:51-07:00,0,18
projects\projects.js,250,js,fac707b1,huiyuyie,2026-04-29,00:35:51,-07:00,2026-04-29T00:35:51-07:00,0,20
projects\projects.js,251,js,9c989f44,huiyuyie,2026-04-27,13:22:33,-07:00,2026-04-27T13:22:33-07:00,0,0
projects\projects.js,252,js,fac707b1,huiyuyie,2026-04-29,00:35:51,-07:00,2026-04-29T00:35:51-07:00,0,53
projects\projects.js,253,js,9c989f44,huiyuyie,2026-04-27,13:22:33,-07:00,2026-04-27T13:22:33-07:00,0,0
projects\projects.js,254,js,fac707b1,huiyuyie,2026-04-29,00:35:51,-07:00,2026-04-29T00:35:51-07:00,0,36
projects\projects.js,255,js,9c989f44,huiyuyie,2026-04-27,13:22:33,-07:00,2026-04-27T13:22:33-07:00,0,0
projects\projects.js,256,js,fac707b1,huiyuyie,2026-04-29,00:35:51,-07:00,2026-04-29T00:35:51-07:00,0,48
projects\projects.js,257,js,9c989f44,huiyuyie,2026-04-27,13:22:33,-07:00,2026-04-27T13:22:33-07:00,0,0
projects\projects.js,258,js,fac707b1,huiyuyie,2026-04-29,00:35:51,-07:00,2026-04-29T00:35:51-07:00,0,50
projects\projects.js,259,js,9c989f44,huiyuyie,2026-04-27,13:22:33,-07:00,2026-04-27T13:22:33-07:00,0,0
projects\projects.js,260,js,fac707b1,huiyuyie,2026-04-29,00:35:51,-07:00,2026-04-29T00:35:51-07:00,0,29
projects\projects.js,261,js,fac707b1,huiyuyie,2026-04-29,00:35:51,-07:00,2026-04-29T00:35:51-07:00,0,34
projects\projects.js,262,js,fac707b1,huiyuyie,2026-04-29,00:35:51,-07:00,2026-04-29T00:35:51-07:00,0,20
projects\projects.js,263,js,fac707b1,huiyuyie,2026-04-29,00:35:51,-07:00,2026-04-29T00:35:51-07:00,0,20
projects\projects.js,264,js,fac707b1,huiyuyie,2026-04-29,00:35:51,-07:00,2026-04-29T00:35:51-07:00,0,32
projects\projects.js,265,js,fac707b1,huiyuyie,2026-04-29,00:35:51,-07:00,2026-04-29T00:35:51-07:00,0,4
projects\projects.js,266,js,9c989f44,huiyuyie,2026-04-27,13:22:33,-07:00,2026-04-27T13:22:33-07:00,0,0
projects\projects.js,267,js,9c989f44,huiyuyie,2026-04-27,13:22:33,-07:00,2026-04-27T13:22:33-07:00,0,0
projects\projects.js,268,js,fac707b1,huiyuyie,2026-04-29,00:35:51,-07:00,2026-04-29T00:35:51-07:00,0,12
projects\projects.js,269,js,fac707b1,huiyuyie,2026-04-29,00:35:51,-07:00,2026-04-29T00:35:51-07:00,0,35
projects\projects.js,270,js,fac707b1,huiyuyie,2026-04-29,00:35:51,-07:00,2026-04-29T00:35:51-07:00,0,27
projects\projects.js,271,js,fac707b1,huiyuyie,2026-04-29,00:35:51,-07:00,2026-04-29T00:35:51-07:00,0,9
projects\projects.js,272,js,fac707b1,huiyuyie,2026-04-29,00:35:51,-07:00,2026-04-29T00:35:51-07:00,0,18
projects\projects.js,273,js,fac707b1,huiyuyie,2026-04-29,00:35:51,-07:00,2026-04-29T00:35:51-07:00,0,100
projects\projects.js,274,js,fac707b1,huiyuyie,2026-04-29,00:35:51,-07:00,2026-04-29T00:35:51-07:00,0,106
projects\projects.js,275,js,fac707b1,huiyuyie,2026-04-29,00:35:51,-07:00,2026-04-29T00:35:51-07:00,0,4
projects\index.html,1,html,abb49540,huiyuyie,2026-03-30,17:06:17,-07:00,2026-03-30T17:06:17-07:00,0,13
projects\index.html,2,html,abb49540,huiyuyie,2026-03-30,17:06:17,-07:00,2026-03-30T17:06:17-07:00,0,14
projects\index.html,3,html,abb49540,huiyuyie,2026-03-30,17:06:17,-07:00,2026-03-30T17:06:17-07:00,0,4
projects\index.html,4,html,abb49540,huiyuyie,2026-03-30,17:06:17,-07:00,2026-03-30T17:06:17-07:00,2,20
projects\index.html,5,html,abb49540,huiyuyie,2026-03-30,17:06:17,-07:00,2026-03-30T17:06:17-07:00,2,68
projects\index.html,6,html,abb49540,huiyuyie,2026-03-30,17:06:17,-07:00,2026-03-30T17:06:17-07:00,2,21
projects\index.html,7,html,f09fcb9c,huiyuyie,2026-03-31,20:24:01,-07:00,2026-03-31T20:24:01-07:00,2,41
projects\index.html,8,html,abb49540,huiyuyie,2026-03-30,17:06:17,-07:00,2026-03-30T17:06:17-07:00,0,5
projects\index.html,9,html,abb49540,huiyuyie,2026-03-30,17:06:17,-07:00,2026-03-30T17:06:17-07:00,0,4
projects\index.html,10,html,332b5392,huiyuyie,2026-04-23,23:20:44,-07:00,2026-04-23T23:20:44-07:00,2,38
projects\index.html,11,html,9c989f44,huiyuyie,2026-04-27,13:22:33,-07:00,2026-04-27T13:22:33-07:00,0,0
projects\index.html,12,html,9c989f44,huiyuyie,2026-04-27,13:22:33,-07:00,2026-04-27T13:22:33-07:00,2,27
projects\index.html,13,html,9c989f44,huiyuyie,2026-04-27,13:22:33,-07:00,2026-04-27T13:22:33-07:00,4,58
projects\index.html,14,html,9c989f44,huiyuyie,2026-04-27,13:22:33,-07:00,2026-04-27T13:22:33-07:00,4,22
projects\index.html,15,html,9c989f44,huiyuyie,2026-04-27,13:22:33,-07:00,2026-04-27T13:22:33-07:00,2,4
projects\index.html,16,html,9c989f44,huiyuyie,2026-04-27,13:22:33,-07:00,2026-04-27T13:22:33-07:00,0,0
projects\index.html,17,html,fac707b1,huiyuyie,2026-04-29,00:35:51,-07:00,2026-04-29T00:35:51-07:00,2,4
projects\index.html,18,html,fac707b1,huiyuyie,2026-04-29,00:35:51,-07:00,2026-04-29T00:35:51-07:00,4,15
projects\index.html,19,html,fac707b1,huiyuyie,2026-04-29,00:35:51,-07:00,2026-04-29T00:35:51-07:00,4,11
projects\index.html,20,html,fac707b1,huiyuyie,2026-04-29,00:35:51,-07:00,2026-04-29T00:35:51-07:00,4,26
projects\index.html,21,html,fac707b1,huiyuyie,2026-04-29,00:35:51,-07:00,2026-04-29T00:35:51-07:00,4,31
projects\index.html,22,html,fac707b1,huiyuyie,2026-04-29,00:35:51,-07:00,2026-04-29T00:35:51-07:00,2,0
projects\index.html,23,html,fac707b1,huiyuyie,2026-04-29,00:35:51,-07:00,2026-04-29T00:35:51-07:00,0,0
projects\index.html,24,html,9c989f44,huiyuyie,2026-04-27,13:22:33,-07:00,2026-04-27T13:22:33-07:00,2,26
projects\index.html,25,html,a3914d6f,huiyuyie,2026-04-16,15:04:18,-07:00,2026-04-16T15:04:18-07:00,2,48
projects\index.html,26,html,6c5b6a85,huiyuyie,2026-04-24,00:29:26,-07:00,2026-04-24T00:29:26-07:00,2,47
projects\index.html,27,html,abb49540,huiyuyie,2026-03-30,17:06:17,-07:00,2026-03-30T17:06:17-07:00,0,5
projects\index.html,28,html,abb49540,huiyuyie,2026-03-30,17:06:17,-07:00,2026-03-30T17:06:17-07:00,0,5
meta\main.js,1,js,fd0b014c,huiyuyie,2026-05-06,01:44:01,-07:00,2026-05-06T01:44:01-07:00,0,63
meta\main.js,2,js,da1c26cf,huiyuyie,2026-05-19,12:09:30,-07:00,2026-05-19T12:09:30-07:00,0,72
meta\main.js,3,js,fd0b014c,huiyuyie,2026-05-06,01:44:01,-07:00,2026-05-06T01:44:01-07:00,0,0
meta\main.js,4,js,fd0b014c,huiyuyie,2026-05-06,01:44:01,-07:00,2026-05-06T01:44:01-07:00,0,25
meta\main.js,5,js,fd0b014c,huiyuyie,2026-05-06,01:44:01,-07:00,2026-05-06T01:44:01-07:00,1,46
meta\main.js,6,js,fd0b014c,huiyuyie,2026-05-06,01:44:01,-07:00,2026-05-06T01:44:01-07:00,2,5
meta\main.js,7,js,fd0b014c,huiyuyie,2026-05-06,01:44:01,-07:00,2026-05-06T01:44:01-07:00,2,21
meta\main.js,8,js,fd0b014c,huiyuyie,2026-05-06,01:44:01,-07:00,2026-05-06T01:44:01-07:00,2,23
meta\main.js,9,js,fd0b014c,huiyuyie,2026-05-06,01:44:01,-07:00,2026-05-06T01:44:01-07:00,2,25
meta\main.js,10,js,fd0b014c,huiyuyie,2026-05-06,01:44:01,-07:00,2026-05-06T01:44:01-07:00,2,49
meta\main.js,11,js,fd0b014c,huiyuyie,2026-05-06,01:44:01,-07:00,2026-05-06T01:44:01-07:00,2,31
meta\main.js,12,js,fd0b014c,huiyuyie,2026-05-06,01:44:01,-07:00,2026-05-06T01:44:01-07:00,1,2
meta\main.js,13,js,fd0b014c,huiyuyie,2026-05-06,01:44:01,-07:00,2026-05-06T01:44:01-07:00,0,0
meta\main.js,14,js,fd0b014c,huiyuyie,2026-05-06,01:44:01,-07:00,2026-05-06T01:44:01-07:00,1,10
meta\main.js,15,js,fd0b014c,huiyuyie,2026-05-06,01:44:01,-07:00,2026-05-06T01:44:01-07:00,0,0
meta\main.js,16,js,fd0b014c,huiyuyie,2026-05-06,01:44:01,-07:00,2026-05-06T01:44:01-07:00,0,0
meta\main.js,17,js,fd0b014c,huiyuyie,2026-05-06,01:44:01,-07:00,2026-05-06T01:44:01-07:00,0,29
meta\main.js,18,js,fd0b014c,huiyuyie,2026-05-06,01:44:01,-07:00,2026-05-06T01:44:01-07:00,1,7
meta\main.js,19,js,fd0b014c,huiyuyie,2026-05-06,01:44:01,-07:00,2026-05-06T01:44:01-07:00,2,28
meta\main.js,20,js,fd0b014c,huiyuyie,2026-05-06,01:44:01,-07:00,2026-05-06T01:44:01-07:00,2,25
meta\main.js,21,js,fd0b014c,huiyuyie,2026-05-06,01:44:01,-07:00,2026-05-06T01:44:01-07:00,3,19
meta\main.js,22,js,fd0b014c,huiyuyie,2026-05-06,01:44:01,-07:00,2026-05-06T01:44:01-07:00,3,53
meta\main.js,23,js,fd0b014c,huiyuyie,2026-05-06,01:44:01,-07:00,2026-05-06T01:44:01-07:00,0,0
meta\main.js,24,js,fd0b014c,huiyuyie,2026-05-06,01:44:01,-07:00,2026-05-06T01:44:01-07:00,3,9
meta\main.js,25,js,fd0b014c,huiyuyie,2026-05-06,01:44:01,-07:00,2026-05-06T01:44:01-07:00,4,9
meta\main.js,26,js,fd0b014c,huiyuyie,2026-05-06,01:44:01,-07:00,2026-05-06T01:44:01-07:00,4,60
meta\main.js,27,js,fd0b014c,huiyuyie,2026-05-06,01:44:01,-07:00,2026-05-06T01:44:01-07:00,4,5
meta\main.js,28,js,fd0b014c,huiyuyie,2026-05-06,01:44:01,-07:00,2026-05-06T01:44:01-07:00,4,3
meta\main.js,29,js,fd0b014c,huiyuyie,2026-05-06,01:44:01,-07:00,2026-05-06T01:44:01-07:00,4,3
meta\main.js,30,js,fd0b014c,huiyuyie,2026-05-06,01:44:01,-07:00,2026-05-06T01:44:01-07:00,4,7
meta\main.js,31,js,fd0b014c,huiyuyie,2026-05-06,01:44:01,-07:00,2026-05-06T01:44:01-07:00,4,7
meta\main.js,32,js,fd0b014c,huiyuyie,2026-05-06,01:44:01,-07:00,2026-05-06T01:44:01-07:00,4,57
meta\main.js,33,js,fd0b014c,huiyuyie,2026-05-06,01:44:01,-07:00,2026-05-06T01:44:01-07:00,4,23
meta\main.js,34,js,fd0b014c,huiyuyie,2026-05-06,01:44:01,-07:00,2026-05-06T01:44:01-07:00,3,0
meta\main.js,35,js,fd0b014c,huiyuyie,2026-05-06,01:44:01,-07:00,2026-05-06T01:44:01-07:00,0,0
meta\main.js,36,js,fd0b014c,huiyuyie,2026-05-06,01:44:01,-07:00,2026-05-06T01:44:01-07:00,3,35
meta\main.js,37,js,fd0b014c,huiyuyie,2026-05-06,01:44:01,-07:00,2026-05-06T01:44:01-07:00,4,11
meta\main.js,38,js,fd0b014c,huiyuyie,2026-05-06,01:44:01,-07:00,2026-05-06T01:44:01-07:00,4,16
meta\main.js,39,js,fd0b014c,huiyuyie,2026-05-06,01:44:01,-07:00,2026-05-06T01:44:01-07:00,3,1
meta\main.js,40,js,fd0b014c,huiyuyie,2026-05-06,01:44:01,-07:00,2026-05-06T01:44:01-07:00,0,0
meta\main.js,41,js,fd0b014c,huiyuyie,2026-05-06,01:44:01,-07:00,2026-05-06T01:44:01-07:00,3,9
meta\main.js,42,js,da1c26cf,huiyuyie,2026-05-19,12:09:30,-07:00,2026-05-19T12:09:30-07:00,2,0
meta\main.js,43,js,da1c26cf,huiyuyie,2026-05-19,12:09:30,-07:00,2026-05-19T12:09:30-07:00,2,52
meta\main.js,44,js,fd0b014c,huiyuyie,2026-05-06,01:44:01,-07:00,2026-05-06T01:44:01-07:00,0,0
meta\main.js,45,js,fd0b014c,huiyuyie,2026-05-06,01:44:01,-07:00,2026-05-06T01:44:01-07:00,0,0
meta\main.js,46,js,fd0b014c,huiyuyie,2026-05-06,01:44:01,-07:00,2026-05-06T01:44:01-07:00,0,40
meta\main.js,47,js,da1c26cf,huiyuyie,2026-05-19,12:09:30,-07:00,2026-05-19T12:09:30-07:00,1,27
meta\main.js,48,js,da1c26cf,huiyuyie,2026-05-19,12:09:30,-07:00,2026-05-19T12:09:30-07:00,0,0
meta\main.js,49,js,fd0b014c,huiyuyie,2026-05-06,01:44:01,-07:00,2026-05-06T01:44:01-07:00,1,11
meta\main.js,50,js,fd0b014c,huiyuyie,2026-05-06,01:44:01,-07:00,2026-05-06T01:44:01-07:00,2,15
meta\main.js,51,js,fd0b014c,huiyuyie,2026-05-06,01:44:01,-07:00,2026-05-06T01:44:01-07:00,2,11
meta\main.js,52,js,fd0b014c,huiyuyie,2026-05-06,01:44:01,-07:00,2026-05-06T01:44:01-07:00,2,22
meta\main.js,53,js,fd0b014c,huiyuyie,2026-05-06,01:44:01,-07:00,2026-05-06T01:44:01-07:00,0,0
meta\main.js,54,js,fd0b014c,huiyuyie,2026-05-06,01:44:01,-07:00,2026-05-06T01:44:01-07:00,1,50
meta\main.js,55,js,fd0b014c,huiyuyie,2026-05-06,01:44:01,-07:00,2026-05-06T01:44:01-07:00,1,44
meta\main.js,56,js,fd0b014c,huiyuyie,2026-05-06,01:44:01,-07:00,2026-05-06T01:44:01-07:00,1,48
meta\main.js,57,js,fd0b014c,huiyuyie,2026-05-06,01:44:01,-07:00,2026-05-06T01:44:01-07:00,1,22
meta\main.js,58,js,fd0b014c,huiyuyie,2026-05-06,01:44:01,-07:00,2026-05-06T01:44:01-07:00,2,9
meta\main.js,59,js,fd0b014c,huiyuyie,2026-05-06,01:44:01,-07:00,2026-05-06T01:44:01-07:00,4,3
meta\main.js,60,js,fd0b014c,huiyuyie,2026-05-06,01:44:01,-07:00,2026-05-06T01:44:01-07:00,4,26
meta\main.js,61,js,fd0b014c,huiyuyie,2026-05-06,01:44:01,-07:00,2026-05-06T01:44:01-07:00,4,9
meta\main.js,62,js,fd0b014c,huiyuyie,2026-05-06,01:44:01,-07:00,2026-05-06T01:44:01-07:00,2,12
meta\main.js,63,js,fd0b014c,huiyuyie,2026-05-06,01:44:01,-07:00,2026-05-06T01:44:01-07:00,0,0
meta\main.js,64,js,fd0b014c,huiyuyie,2026-05-06,01:44:01,-07:00,2026-05-06T01:44:01-07:00,1,30
meta\main.js,65,js,fd0b014c,huiyuyie,2026-05-06,01:44:01,-07:00,2026-05-06T01:44:01-07:00,1,35
meta\main.js,66,js,fd0b014c,huiyuyie,2026-05-06,01:44:01,-07:00,2026-05-06T01:44:01-07:00,0,0
meta\main.js,67,js,fd0b014c,huiyuyie,2026-05-06,01:44:01,-07:00,2026-05-06T01:44:01-07:00,1,28
meta\main.js,68,js,fd0b014c,huiyuyie,2026-05-06,01:44:01,-07:00,2026-05-06T01:44:01-07:00,1,29
meta\main.js,69,js,fd0b014c,huiyuyie,2026-05-06,01:44:01,-07:00,2026-05-06T01:44:01-07:00,0,0
meta\main.js,70,js,fd0b014c,huiyuyie,2026-05-06,01:44:01,-07:00,2026-05-06T01:44:01-07:00,1,67
meta\main.js,71,js,fd0b014c,huiyuyie,2026-05-06,01:44:01,-07:00,2026-05-06T01:44:01-07:00,1,32
meta\main.js,72,js,fd0b014c,huiyuyie,2026-05-06,01:44:01,-07:00,2026-05-06T01:44:01-07:00,0,0
meta\main.js,73,js,fd0b014c,huiyuyie,2026-05-06,01:44:01,-07:00,2026-05-06T01:44:01-07:00,1,32
meta\main.js,74,js,fd0b014c,huiyuyie,2026-05-06,01:44:01,-07:00,2026-05-06T01:44:01-07:00,1,29
meta\main.js,75,js,fd0b014c,huiyuyie,2026-05-06,01:44:01,-07:00,2026-05-06T01:44:01-07:00,0,0
meta\main.js,76,js,fd0b014c,huiyuyie,2026-05-06,01:44:01,-07:00,2026-05-06T01:44:01-07:00,1,35
meta\main.js,77,js,fd0b014c,huiyuyie,2026-05-06,01:44:01,-07:00,2026-05-06T01:44:01-07:00,1,32
meta\main.js,78,js,fd0b014c,huiyuyie,2026-05-06,01:44:01,-07:00,2026-05-06T01:44:01-07:00,0,0
meta\main.js,79,js,fd0b014c,huiyuyie,2026-05-06,01:44:01,-07:00,2026-05-06T01:44:01-07:00,1,32
meta\main.js,80,js,fd0b014c,huiyuyie,2026-05-06,01:44:01,-07:00,2026-05-06T01:44:01-07:00,1,29
meta\main.js,81,js,fd0b014c,huiyuyie,2026-05-06,01:44:01,-07:00,2026-05-06T01:44:01-07:00,0,0
meta\main.js,82,js,fd0b014c,huiyuyie,2026-05-06,01:44:01,-07:00,2026-05-06T01:44:01-07:00,0,0
meta\main.js,83,js,d7b54e34,huiyuyie,2026-05-07,15:00:38,-07:00,2026-05-07T15:00:38-07:00,0,9
meta\main.js,84,js,d7b54e34,huiyuyie,2026-05-07,15:00:38,-07:00,2026-05-07T15:00:38-07:00,0,9
meta\main.js,85,js,d7b54e34,huiyuyie,2026-05-07,15:00:38,-07:00,2026-05-07T15:00:38-07:00,0,0
meta\main.js,86,js,fd0b014c,huiyuyie,2026-05-06,01:44:01,-07:00,2026-05-06T01:44:01-07:00,0,26
meta\main.js,87,js,fd0b014c,huiyuyie,2026-05-06,01:44:01,-07:00,2026-05-06T01:44:01-07:00,0,33
meta\main.js,88,js,fd0b014c,huiyuyie,2026-05-06,01:44:01,-07:00,2026-05-06T01:44:01-07:00,0,0
meta\main.js,89,js,da1c26cf,huiyuyie,2026-05-19,12:09:30,-07:00,2026-05-19T12:09:30-07:00,0,23
meta\main.js,90,js,da1c26cf,huiyuyie,2026-05-19,12:09:30,-07:00,2026-05-19T12:09:30-07:00,0,0
meta\main.js,91,js,da1c26cf,huiyuyie,2026-05-19,12:09:30,-07:00,2026-05-19T12:09:30-07:00,0,16
meta\main.js,92,js,da1c26cf,huiyuyie,2026-05-19,12:09:30,-07:00,2026-05-19T12:09:30-07:00,1,10
meta\main.js,93,js,da1c26cf,huiyuyie,2026-05-19,12:09:30,-07:00,2026-05-19T12:09:30-07:00,1,7
meta\main.js,94,js,da1c26cf,huiyuyie,2026-05-19,12:09:30,-07:00,2026-05-19T12:09:30-07:00,2,33
meta\main.js,95,js,da1c26cf,huiyuyie,2026-05-19,12:09:30,-07:00,2026-05-19T12:09:30-07:00,2,33
meta\main.js,96,js,da1c26cf,huiyuyie,2026-05-19,12:09:30,-07:00,2026-05-19T12:09:30-07:00,1,0
meta\main.js,97,js,da1c26cf,huiyuyie,2026-05-19,12:09:30,-07:00,2026-05-19T12:09:30-07:00,1,15
meta\main.js,98,js,da1c26cf,huiyuyie,2026-05-19,12:09:30,-07:00,2026-05-19T12:09:30-07:00,0,0
meta\main.js,99,js,da1c26cf,huiyuyie,2026-05-19,12:09:30,-07:00,2026-05-19T12:09:30-07:00,0,51
meta\main.js,100,js,da1c26cf,huiyuyie,2026-05-19,12:09:30,-07:00,2026-05-19T12:09:30-07:00,0,0
meta\main.js,101,js,da1c26cf,huiyuyie,2026-05-19,12:09:30,-07:00,2026-05-19T12:09:30-07:00,0,28
meta\main.js,102,js,da1c26cf,huiyuyie,2026-05-19,12:09:30,-07:00,2026-05-19T12:09:30-07:00,0,0
meta\main.js,103,js,da1c26cf,huiyuyie,2026-05-19,12:09:30,-07:00,2026-05-19T12:09:30-07:00,0,47
meta\main.js,104,js,da1c26cf,huiyuyie,2026-05-19,12:09:30,-07:00,2026-05-19T12:09:30-07:00,0,0
meta\main.js,105,js,da1c26cf,huiyuyie,2026-05-19,12:09:30,-07:00,2026-05-19T12:09:30-07:00,0,29
meta\main.js,106,js,da1c26cf,huiyuyie,2026-05-19,12:09:30,-07:00,2026-05-19T12:09:30-07:00,1,72
meta\main.js,107,js,da1c26cf,huiyuyie,2026-05-19,12:09:30,-07:00,2026-05-19T12:09:30-07:00,1,47
meta\main.js,108,js,da1c26cf,huiyuyie,2026-05-19,12:09:30,-07:00,2026-05-19T12:09:30-07:00,0,0
meta\main.js,109,js,da1c26cf,huiyuyie,2026-05-19,12:09:30,-07:00,2026-05-19T12:09:30-07:00,1,67
meta\main.js,110,js,da1c26cf,huiyuyie,2026-05-19,12:09:30,-07:00,2026-05-19T12:09:30-07:00,1,57
meta\main.js,111,js,da1c26cf,huiyuyie,2026-05-19,12:09:30,-07:00,2026-05-19T12:09:30-07:00,0,0
meta\main.js,112,js,da1c26cf,huiyuyie,2026-05-19,12:09:30,-07:00,2026-05-19T12:09:30-07:00,1,54
meta\main.js,113,js,da1c26cf,huiyuyie,2026-05-19,12:09:30,-07:00,2026-05-19T12:09:30-07:00,2,34
meta\main.js,114,js,da1c26cf,huiyuyie,2026-05-19,12:09:30,-07:00,2026-05-19T12:09:30-07:00,3,16
meta\main.js,115,js,da1c26cf,huiyuyie,2026-05-19,12:09:30,-07:00,2026-05-19T12:09:30-07:00,3,17
meta\main.js,116,js,da1c26cf,huiyuyie,2026-05-19,12:09:30,-07:00,2026-05-19T12:09:30-07:00,2,1
meta\main.js,117,js,da1c26cf,huiyuyie,2026-05-19,12:09:30,-07:00,2026-05-19T12:09:30-07:00,1,0
meta\main.js,118,js,da1c26cf,huiyuyie,2026-05-19,12:09:30,-07:00,2026-05-19T12:09:30-07:00,1,33
meta\main.js,119,js,da1c26cf,huiyuyie,2026-05-19,12:09:30,-07:00,2026-05-19T12:09:30-07:00,1,46
meta\main.js,120,js,da1c26cf,huiyuyie,2026-05-19,12:09:30,-07:00,2026-05-19T12:09:30-07:00,1,39
meta\main.js,121,js,da1c26cf,huiyuyie,2026-05-19,12:09:30,-07:00,2026-05-19T12:09:30-07:00,0,0
meta\main.js,122,js,da1c26cf,huiyuyie,2026-05-19,12:09:30,-07:00,2026-05-19T12:09:30-07:00,0,0
meta\main.js,123,js,da1c26cf,huiyuyie,2026-05-19,12:09:30,-07:00,2026-05-19T12:09:30-07:00,0,6
meta\main.js,124,js,da1c26cf,huiyuyie,2026-05-19,12:09:30,-07:00,2026-05-19T12:09:30-07:00,1,32
meta\main.js,125,js,da1c26cf,huiyuyie,2026-05-19,12:09:30,-07:00,2026-05-19T12:09:30-07:00,1,45
meta\main.js,126,js,da1c26cf,huiyuyie,2026-05-19,12:09:30,-07:00,2026-05-19T12:09:30-07:00,0,0
meta\main.js,127,js,da1c26cf,huiyuyie,2026-05-19,12:09:30,-07:00,2026-05-19T12:09:30-07:00,0,0
meta\main.js,128,js,da1c26cf,huiyuyie,2026-05-19,12:09:30,-07:00,2026-05-19T12:09:30-07:00,0,35
meta\main.js,129,js,da1c26cf,huiyuyie,2026-05-19,12:09:30,-07:00,2026-05-19T12:09:30-07:00,1,42
meta\main.js,130,js,da1c26cf,huiyuyie,2026-05-19,12:09:30,-07:00,2026-05-19T12:09:30-07:00,0,0
meta\main.js,131,js,da1c26cf,huiyuyie,2026-05-19,12:09:30,-07:00,2026-05-19T12:09:30-07:00,1,12
meta\main.js,132,js,da1c26cf,huiyuyie,2026-05-19,12:09:30,-07:00,2026-05-19T12:09:30-07:00,2,27
meta\main.js,133,js,da1c26cf,huiyuyie,2026-05-19,12:09:30,-07:00,2026-05-19T12:09:30-07:00,2,23
meta\main.js,134,js,da1c26cf,huiyuyie,2026-05-19,12:09:30,-07:00,2026-05-19T12:09:30-07:00,3,21
meta\main.js,135,js,da1c26cf,huiyuyie,2026-05-19,12:09:30,-07:00,2026-05-19T12:09:30-07:00,2,0
meta\main.js,136,js,da1c26cf,huiyuyie,2026-05-19,12:09:30,-07:00,2026-05-19T12:09:30-07:00,2,47
meta\main.js,137,js,da1c26cf,huiyuyie,2026-05-19,12:09:30,-07:00,2026-05-19T12:09:30-07:00,0,0
meta\main.js,138,js,da1c26cf,huiyuyie,2026-05-19,12:09:30,-07:00,2026-05-19T12:09:30-07:00,1,21
meta\main.js,139,js,da1c26cf,huiyuyie,2026-05-19,12:09:30,-07:00,2026-05-19T12:09:30-07:00,2,15
meta\main.js,140,js,da1c26cf,huiyuyie,2026-05-19,12:09:30,-07:00,2026-05-19T12:09:30-07:00,2,15
meta\main.js,141,js,da1c26cf,huiyuyie,2026-05-19,12:09:30,-07:00,2026-05-19T12:09:30-07:00,2,25
meta\main.js,142,js,da1c26cf,huiyuyie,2026-05-19,12:09:30,-07:00,2026-05-19T12:09:30-07:00,2,4
meta\main.js,143,js,da1c26cf,huiyuyie,2026-05-19,12:09:30,-07:00,2026-05-19T12:09:30-07:00,3,8
meta\main.js,144,js,da1c26cf,huiyuyie,2026-05-19,12:09:30,-07:00,2026-05-19T12:09:30-07:00,4,33
meta\main.js,145,js,da1c26cf,huiyuyie,2026-05-19,12:09:30,-07:00,2026-05-19T12:09:30-07:00,5,30
meta\main.js,146,js,da1c26cf,huiyuyie,2026-05-19,12:09:30,-07:00,2026-05-19T12:09:30-07:00,5,15
meta\main.js,147,js,da1c26cf,huiyuyie,2026-05-19,12:09:30,-07:00,2026-05-19T12:09:30-07:00,4,1
meta\main.js,148,js,da1c26cf,huiyuyie,2026-05-19,12:09:30,-07:00,2026-05-19T12:09:30-07:00,2,0
meta\main.js,149,js,da1c26cf,huiyuyie,2026-05-19,12:09:30,-07:00,2026-05-19T12:09:30-07:00,0,0
meta\main.js,150,js,da1c26cf,huiyuyie,2026-05-19,12:09:30,-07:00,2026-05-19T12:09:30-07:00,2,12
meta\main.js,151,js,da1c26cf,huiyuyie,2026-05-19,12:09:30,-07:00,2026-05-19T12:09:30-07:00,3,18
meta\main.js,152,js,da1c26cf,huiyuyie,2026-05-19,12:09:30,-07:00,2026-05-19T12:09:30-07:00,3,62
meta\main.js,153,js,da1c26cf,huiyuyie,2026-05-19,12:09:30,-07:00,2026-05-19T12:09:30-07:00,0,0
meta\main.js,154,js,da1c26cf,huiyuyie,2026-05-19,12:09:30,-07:00,2026-05-19T12:09:30-07:00,2,12
meta\main.js,155,js,da1c26cf,huiyuyie,2026-05-19,12:09:30,-07:00,2026-05-19T12:09:30-07:00,3,11
meta\main.js,156,js,da1c26cf,huiyuyie,2026-05-19,12:09:30,-07:00,2026-05-19T12:09:30-07:00,3,15
meta\main.js,157,js,da1c26cf,huiyuyie,2026-05-19,12:09:30,-07:00,2026-05-19T12:09:30-07:00,3,19
meta\main.js,158,js,da1c26cf,huiyuyie,2026-05-19,12:09:30,-07:00,2026-05-19T12:09:30-07:00,3,10
meta\main.js,159,js,da1c26cf,huiyuyie,2026-05-19,12:09:30,-07:00,2026-05-19T12:09:30-07:00,3,19
meta\main.js,160,js,da1c26cf,huiyuyie,2026-05-19,12:09:30,-07:00,2026-05-19T12:09:30-07:00,3,50
meta\main.js,161,js,da1c26cf,huiyuyie,2026-05-19,12:09:30,-07:00,2026-05-19T12:09:30-07:00,0,0
meta\main.js,162,js,da1c26cf,huiyuyie,2026-05-19,12:09:30,-07:00,2026-05-19T12:09:30-07:00,0,0
meta\main.js,163,js,da1c26cf,huiyuyie,2026-05-19,12:09:30,-07:00,2026-05-19T12:09:30-07:00,0,0
meta\main.js,164,js,fd0b014c,huiyuyie,2026-05-06,01:44:01,-07:00,2026-05-06T01:44:01-07:00,0,37
meta\main.js,165,js,fd0b014c,huiyuyie,2026-05-06,01:44:01,-07:00,2026-05-06T01:44:01-07:00,1,50
meta\main.js,166,js,fd0b014c,huiyuyie,2026-05-06,01:44:01,-07:00,2026-05-06T01:44:01-07:00,1,50
meta\main.js,167,js,d7b54e34,huiyuyie,2026-05-07,15:00:38,-07:00,2026-05-07T15:00:38-07:00,1,50
meta\main.js,168,js,d7b54e34,huiyuyie,2026-05-07,15:00:38,-07:00,2026-05-07T15:00:38-07:00,1,54
meta\main.js,169,js,d7b54e34,huiyuyie,2026-05-07,15:00:38,-07:00,2026-05-07T15:00:38-07:00,1,52
meta\main.js,170,js,fd0b014c,huiyuyie,2026-05-06,01:44:01,-07:00,2026-05-06T01:44:01-07:00,0,0
meta\main.js,171,js,fd0b014c,huiyuyie,2026-05-06,01:44:01,-07:00,2026-05-06T01:44:01-07:00,1,43
meta\main.js,172,js,fd0b014c,huiyuyie,2026-05-06,01:44:01,-07:00,2026-05-06T01:44:01-07:00,0,0
meta\main.js,173,js,fd0b014c,huiyuyie,2026-05-06,01:44:01,-07:00,2026-05-06T01:44:01-07:00,1,21
meta\main.js,174,js,fd0b014c,huiyuyie,2026-05-06,01:44:01,-07:00,2026-05-06T01:44:01-07:00,1,27
meta\main.js,175,js,fd0b014c,huiyuyie,2026-05-06,01:44:01,-07:00,2026-05-06T01:44:01-07:00,0,0
meta\main.js,176,js,fd0b014c,huiyuyie,2026-05-06,01:44:01,-07:00,2026-05-06T01:44:01-07:00,1,56
meta\main.js,177,js,fd0b014c,huiyuyie,2026-05-06,01:44:01,-07:00,2026-05-06T01:44:01-07:00,2,16
meta\main.js,178,js,fd0b014c,huiyuyie,2026-05-06,01:44:01,-07:00,2026-05-06T01:44:01-07:00,1,1
meta\main.js,179,js,fd0b014c,huiyuyie,2026-05-06,01:44:01,-07:00,2026-05-06T01:44:01-07:00,0,0
meta\main.js,180,js,d7b54e34,huiyuyie,2026-05-07,15:00:38,-07:00,2026-05-07T15:00:38-07:00,1,56
meta\main.js,181,js,d7b54e34,huiyuyie,2026-05-07,15:00:38,-07:00,2026-05-07T15:00:38-07:00,2,17
meta\main.js,182,js,d7b54e34,huiyuyie,2026-05-07,15:00:38,-07:00,2026-05-07T15:00:38-07:00,1,1
meta\main.js,183,js,d7b54e34,huiyuyie,2026-05-07,15:00:38,-07:00,2026-05-07T15:00:38-07:00,0,0
meta\main.js,184,js,d7b54e34,huiyuyie,2026-05-07,15:00:38,-07:00,2026-05-07T15:00:38-07:00,1,33
meta\main.js,185,js,d7b54e34,huiyuyie,2026-05-07,15:00:38,-07:00,2026-05-07T15:00:38-07:00,1,36
meta\main.js,186,js,fd0b014c,huiyuyie,2026-05-06,01:44:01,-07:00,2026-05-06T01:44:01-07:00,0,0
meta\main.js,187,js,fd0b014c,huiyuyie,2026-05-06,01:44:01,-07:00,2026-05-06T01:44:01-07:00,0,0
meta\main.js,188,js,fd0b014c,huiyuyie,2026-05-06,01:44:01,-07:00,2026-05-06T01:44:01-07:00,0,43
meta\main.js,189,js,fd0b014c,huiyuyie,2026-05-06,01:44:01,-07:00,2026-05-06T01:44:01-07:00,1,56
meta\main.js,190,js,fd0b014c,huiyuyie,2026-05-06,01:44:01,-07:00,2026-05-06T01:44:01-07:00,0,0
meta\main.js,191,js,fd0b014c,huiyuyie,2026-05-06,01:44:01,-07:00,2026-05-06T01:44:01-07:00,1,26
meta\main.js,192,js,fd0b014c,huiyuyie,2026-05-06,01:44:01,-07:00,2026-05-06T01:44:01-07:00,0,0
meta\main.js,193,js,fd0b014c,huiyuyie,2026-05-06,01:44:01,-07:00,2026-05-06T01:44:01-07:00,0,0
meta\main.js,194,js,fd0b014c,huiyuyie,2026-05-06,01:44:01,-07:00,2026-05-06T01:44:01-07:00,0,37
meta\main.js,195,js,fd0b014c,huiyuyie,2026-05-06,01:44:01,-07:00,2026-05-06T01:44:01-07:00,1,56
meta\main.js,196,js,fd0b014c,huiyuyie,2026-05-06,01:44:01,-07:00,2026-05-06T01:44:01-07:00,0,0
meta\main.js,197,js,fd0b014c,huiyuyie,2026-05-06,01:44:01,-07:00,2026-05-06T01:44:01-07:00,1,40
meta\main.js,198,js,fd0b014c,huiyuyie,2026-05-06,01:44:01,-07:00,2026-05-06T01:44:01-07:00,1,39
meta\main.js,199,js,fd0b014c,huiyuyie,2026-05-06,01:44:01,-07:00,2026-05-06T01:44:01-07:00,0,0
meta\main.js,200,js,fd0b014c,huiyuyie,2026-05-06,01:44:01,-07:00,2026-05-06T01:44:01-07:00,0,0
meta\main.js,201,js,2e3efe74,huiyuyie,2026-05-07,20:22:41,-07:00,2026-05-07T20:22:41-07:00,0,45
meta\main.js,202,js,2e3efe74,huiyuyie,2026-05-07,20:22:41,-07:00,2026-05-07T20:22:41-07:00,1,14
meta\main.js,203,js,2e3efe74,huiyuyie,2026-05-07,20:22:41,-07:00,2026-05-07T20:22:41-07:00,2,6
meta\main.js,204,js,2e3efe74,huiyuyie,2026-05-07,20:22:41,-07:00,2026-05-07T20:22:41-07:00,2,7
meta\main.js,205,js,2e3efe74,huiyuyie,2026-05-07,20:22:41,-07:00,2026-05-07T20:22:41-07:00,3,32
meta\main.js,206,js,2e3efe74,huiyuyie,2026-05-07,20:22:41,-07:00,2026-05-07T20:22:41-07:00,3,36
meta\main.js,207,js,2e3efe74,huiyuyie,2026-05-07,20:22:41,-07:00,2026-05-07T20:22:41-07:00,2,0
meta\main.js,208,js,2e3efe74,huiyuyie,2026-05-07,20:22:41,-07:00,2026-05-07T20:22:41-07:00,2,30
meta\main.js,209,js,2e3efe74,huiyuyie,2026-05-07,20:22:41,-07:00,2026-05-07T20:22:41-07:00,0,0
meta\main.js,210,js,2e3efe74,huiyuyie,2026-05-07,20:22:41,-07:00,2026-05-07T20:22:41-07:00,1,1
meta\main.js,211,js,2e3efe74,huiyuyie,2026-05-07,20:22:41,-07:00,2026-05-07T20:22:41-07:00,2,10
meta\main.js,212,js,2e3efe74,huiyuyie,2026-05-07,20:22:41,-07:00,2026-05-07T20:22:41-07:00,2,21
meta\main.js,213,js,2e3efe74,huiyuyie,2026-05-07,20:22:41,-07:00,2026-05-07T20:22:41-07:00,2,11
meta\main.js,214,js,2e3efe74,huiyuyie,2026-05-07,20:22:41,-07:00,2026-05-07T20:22:41-07:00,0,0
meta\main.js,215,js,2e3efe74,huiyuyie,2026-05-07,20:22:41,-07:00,2026-05-07T20:22:41-07:00,1,29
meta\main.js,216,js,d7b54e34,huiyuyie,2026-05-07,15:00:38,-07:00,2026-05-07T15:00:38-07:00,0,0
meta\main.js,217,js,d7b54e34,huiyuyie,2026-05-07,15:00:38,-07:00,2026-05-07T15:00:38-07:00,0,0
meta\main.js,218,js,d7b54e34,huiyuyie,2026-05-07,15:00:38,-07:00,2026-05-07T15:00:38-07:00,0,23
meta\main.js,219,js,d7b54e34,huiyuyie,2026-05-07,15:00:38,-07:00,2026-05-07T15:00:38-07:00,1,32
meta\main.js,220,js,d7b54e34,huiyuyie,2026-05-07,15:00:38,-07:00,2026-05-07T15:00:38-07:00,0,0
meta\main.js,221,js,d7b54e34,huiyuyie,2026-05-07,15:00:38,-07:00,2026-05-07T15:00:38-07:00,1,47
meta\main.js,222,js,d7b54e34,huiyuyie,2026-05-07,15:00:38,-07:00,2026-05-07T15:00:38-07:00,2,28
meta\main.js,223,js,d7b54e34,huiyuyie,2026-05-07,15:00:38,-07:00,2026-05-07T15:00:38-07:00,1,0
meta\main.js,224,js,d7b54e34,huiyuyie,2026-05-07,15:00:38,-07:00,2026-05-07T15:00:38-07:00,0,0
meta\main.js,225,js,d7b54e34,huiyuyie,2026-05-07,15:00:38,-07:00,2026-05-07T15:00:38-07:00,1,30
meta\main.js,226,js,d7b54e34,huiyuyie,2026-05-07,15:00:38,-07:00,2026-05-07T15:00:38-07:00,1,33
meta\main.js,227,js,d7b54e34,huiyuyie,2026-05-07,15:00:38,-07:00,2026-05-07T15:00:38-07:00,0,0
meta\main.js,228,js,d7b54e34,huiyuyie,2026-05-07,15:00:38,-07:00,2026-05-07T15:00:38-07:00,0,0
meta\main.js,229,js,d7b54e34,huiyuyie,2026-05-07,15:00:38,-07:00,2026-05-07T15:00:38-07:00,0,40
meta\main.js,230,js,d7b54e34,huiyuyie,2026-05-07,15:00:38,-07:00,2026-05-07T15:00:38-07:00,1,31
meta\main.js,231,js,da1c26cf,huiyuyie,2026-05-19,12:09:30,-07:00,2026-05-19T12:09:30-07:00,2,61
meta\main.js,232,js,d7b54e34,huiyuyie,2026-05-07,15:00:38,-07:00,2026-05-07T15:00:38-07:00,2,3
meta\main.js,233,js,d7b54e34,huiyuyie,2026-05-07,15:00:38,-07:00,2026-05-07T15:00:38-07:00,0,0
meta\main.js,234,js,d7b54e34,huiyuyie,2026-05-07,15:00:38,-07:00,2026-05-07T15:00:38-07:00,1,62
meta\main.js,235,js,d7b54e34,huiyuyie,2026-05-07,15:00:38,-07:00,2026-05-07T15:00:38-07:00,0,0
meta\main.js,236,js,d7b54e34,huiyuyie,2026-05-07,15:00:38,-07:00,2026-05-07T15:00:38-07:00,1,28
meta\main.js,237,js,d7b54e34,huiyuyie,2026-05-07,15:00:38,-07:00,2026-05-07T15:00:38-07:00,2,28
meta\main.js,238,js,d7b54e34,huiyuyie,2026-05-07,15:00:38,-07:00,2026-05-07T15:00:38-07:00,1,18
meta\main.js,239,js,d7b54e34,huiyuyie,2026-05-07,15:00:38,-07:00,2026-05-07T15:00:38-07:00,0,0
meta\main.js,240,js,d7b54e34,huiyuyie,2026-05-07,15:00:38,-07:00,2026-05-07T15:00:38-07:00,1,21
meta\main.js,241,js,d7b54e34,huiyuyie,2026-05-07,15:00:38,-07:00,2026-05-07T15:00:38-07:00,0,0
meta\main.js,242,js,d7b54e34,huiyuyie,2026-05-07,15:00:38,-07:00,2026-05-07T15:00:38-07:00,0,0
meta\main.js,243,js,d7b54e34,huiyuyie,2026-05-07,15:00:38,-07:00,2026-05-07T15:00:38-07:00,0,43
meta\main.js,244,js,d7b54e34,huiyuyie,2026-05-07,15:00:38,-07:00,2026-05-07T15:00:38-07:00,1,31
meta\main.js,245,js,da1c26cf,huiyuyie,2026-05-19,12:09:30,-07:00,2026-05-19T12:09:30-07:00,2,61
meta\main.js,246,js,d7b54e34,huiyuyie,2026-05-07,15:00:38,-07:00,2026-05-07T15:00:38-07:00,2,3
meta\main.js,247,js,d7b54e34,huiyuyie,2026-05-07,15:00:38,-07:00,2026-05-07T15:00:38-07:00,0,0
meta\main.js,248,js,d7b54e34,huiyuyie,2026-05-07,15:00:38,-07:00,2026-05-07T15:00:38-07:00,1,62
meta\main.js,249,js,d7b54e34,huiyuyie,2026-05-07,15:00:38,-07:00,2026-05-07T15:00:38-07:00,0,0
meta\main.js,250,js,d7b54e34,huiyuyie,2026-05-07,15:00:38,-07:00,2026-05-07T15:00:38-07:00,1,33
meta\main.js,251,js,d7b54e34,huiyuyie,2026-05-07,15:00:38,-07:00,2026-05-07T15:00:38-07:00,2,23
meta\main.js,252,js,d7b54e34,huiyuyie,2026-05-07,15:00:38,-07:00,2026-05-07T15:00:38-07:00,2,5
meta\main.js,253,js,d7b54e34,huiyuyie,2026-05-07,15:00:38,-07:00,2026-05-07T15:00:38-07:00,1,0
meta\main.js,254,js,d7b54e34,huiyuyie,2026-05-07,15:00:38,-07:00,2026-05-07T15:00:38-07:00,0,0
meta\main.js,255,js,d7b54e34,huiyuyie,2026-05-07,15:00:38,-07:00,2026-05-07T15:00:38-07:00,1,44
meta\main.js,256,js,d7b54e34,huiyuyie,2026-05-07,15:00:38,-07:00,2026-05-07T15:00:38-07:00,2,15
meta\main.js,257,js,da1c26cf,huiyuyie,2026-05-19,12:09:30,-07:00,2026-05-19T12:09:30-07:00,2,16
meta\main.js,258,js,d7b54e34,huiyuyie,2026-05-07,15:00:38,-07:00,2026-05-07T15:00:38-07:00,0,0
meta\main.js,259,js,d7b54e34,huiyuyie,2026-05-07,15:00:38,-07:00,2026-05-07T15:00:38-07:00,1,52
meta\main.js,260,js,d7b54e34,huiyuyie,2026-05-07,15:00:38,-07:00,2026-05-07T15:00:38-07:00,0,0
meta\main.js,261,js,d7b54e34,huiyuyie,2026-05-07,15:00:38,-07:00,2026-05-07T15:00:38-07:00,1,26
meta\main.js,262,js,d7b54e34,huiyuyie,2026-05-07,15:00:38,-07:00,2026-05-07T15:00:38-07:00,2,4
meta\main.js,263,js,d7b54e34,huiyuyie,2026-05-07,15:00:38,-07:00,2026-05-07T15:00:38-07:00,2,14
meta\main.js,264,js,d7b54e34,huiyuyie,2026-05-07,15:00:38,-07:00,2026-05-07T15:00:38-07:00,2,12
meta\main.js,265,js,d7b54e34,huiyuyie,2026-05-07,15:00:38,-07:00,2026-05-07T15:00:38-07:00,1,0
meta\main.js,266,js,d7b54e34,huiyuyie,2026-05-07,15:00:38,-07:00,2026-05-07T15:00:38-07:00,0,0
meta\main.js,267,js,d7b54e34,huiyuyie,2026-05-07,15:00:38,-07:00,2026-05-07T15:00:38-07:00,1,23
meta\main.js,268,js,d7b54e34,huiyuyie,2026-05-07,15:00:38,-07:00,2026-05-07T15:00:38-07:00,0,0
meta\main.js,269,js,d7b54e34,huiyuyie,2026-05-07,15:00:38,-07:00,2026-05-07T15:00:38-07:00,1,42
meta\main.js,270,js,d7b54e34,huiyuyie,2026-05-07,15:00:38,-07:00,2026-05-07T15:00:38-07:00,2,38
meta\main.js,271,js,d7b54e34,huiyuyie,2026-05-07,15:00:38,-07:00,2026-05-07T15:00:38-07:00,0,0
meta\main.js,272,js,d7b54e34,huiyuyie,2026-05-07,15:00:38,-07:00,2026-05-07T15:00:38-07:00,2,46
meta\main.js,273,js,d7b54e34,huiyuyie,2026-05-07,15:00:38,-07:00,2026-05-07T15:00:38-07:00,0,0
meta\main.js,274,js,d7b54e34,huiyuyie,2026-05-07,15:00:38,-07:00,2026-05-07T15:00:38-07:00,2,22
meta\main.js,275,js,d7b54e34,huiyuyie,2026-05-07,15:00:38,-07:00,2026-05-07T15:00:38-07:00,3,3
meta\main.js,276,js,d7b54e34,huiyuyie,2026-05-07,15:00:38,-07:00,2026-05-07T15:00:38-07:00,4,18
meta\main.js,277,js,d7b54e34,huiyuyie,2026-05-07,15:00:38,-07:00,2026-05-07T15:00:38-07:00,4,36
meta\main.js,278,js,d7b54e34,huiyuyie,2026-05-07,15:00:38,-07:00,2026-05-07T15:00:38-07:00,3,4
meta\main.js,279,js,d7b54e34,huiyuyie,2026-05-07,15:00:38,-07:00,2026-05-07T15:00:38-07:00,2,0
meta\main.js,280,js,d7b54e34,huiyuyie,2026-05-07,15:00:38,-07:00,2026-05-07T15:00:38-07:00,1,0
meta\main.js,281,js,d7b54e34,huiyuyie,2026-05-07,15:00:38,-07:00,2026-05-07T15:00:38-07:00,0,0
meta\main.js,282,js,d7b54e34,huiyuyie,2026-05-07,15:00:38,-07:00,2026-05-07T15:00:38-07:00,0,0
meta\main.js,283,js,d7b54e34,huiyuyie,2026-05-07,15:00:38,-07:00,2026-05-07T15:00:38-07:00,0,44
meta\main.js,284,js,d7b54e34,huiyuyie,2026-05-07,15:00:38,-07:00,2026-05-07T15:00:38-07:00,1,15
meta\main.js,285,js,d7b54e34,huiyuyie,2026-05-07,15:00:38,-07:00,2026-05-07T15:00:38-07:00,2,11
meta\main.js,286,js,d7b54e34,huiyuyie,2026-05-07,15:00:38,-07:00,2026-05-07T15:00:38-07:00,1,0
meta\main.js,287,js,d7b54e34,huiyuyie,2026-05-07,15:00:38,-07:00,2026-05-07T15:00:38-07:00,0,0
meta\main.js,288,js,d7b54e34,huiyuyie,2026-05-07,15:00:38,-07:00,2026-05-07T15:00:38-07:00,1,37
meta\main.js,289,js,d7b54e34,huiyuyie,2026-05-07,15:00:38,-07:00,2026-05-07T15:00:38-07:00,0,0
meta\main.js,290,js,d7b54e34,huiyuyie,2026-05-07,15:00:38,-07:00,2026-05-07T15:00:38-07:00,1,32
meta\main.js,291,js,d7b54e34,huiyuyie,2026-05-07,15:00:38,-07:00,2026-05-07T15:00:38-07:00,1,32
meta\main.js,292,js,d7b54e34,huiyuyie,2026-05-07,15:00:38,-07:00,2026-05-07T15:00:38-07:00,0,0
meta\main.js,293,js,d7b54e34,huiyuyie,2026-05-07,15:00:38,-07:00,2026-05-07T15:00:38-07:00,1,46
meta\main.js,294,js,d7b54e34,huiyuyie,2026-05-07,15:00:38,-07:00,2026-05-07T15:00:38-07:00,0,0
meta\main.js,295,js,d7b54e34,huiyuyie,2026-05-07,15:00:38,-07:00,2026-05-07T15:00:38-07:00,0,0
meta\main.js,296,js,fd0b014c,huiyuyie,2026-05-06,01:44:01,-07:00,2026-05-06T01:44:01-07:00,0,0
meta\main.js,297,js,fd0b014c,huiyuyie,2026-05-06,01:44:01,-07:00,2026-05-06T01:44:01-07:00,0,0
meta\main.js,298,js,fd0b014c,huiyuyie,2026-05-06,01:44:01,-07:00,2026-05-06T01:44:01-07:00,0,41
meta\main.js,299,js,fd0b014c,huiyuyie,2026-05-06,01:44:01,-07:00,2026-05-06T01:44:01-07:00,0,0
meta\main.js,300,js,fd0b014c,huiyuyie,2026-05-06,01:44:01,-07:00,2026-05-06T01:44:01-07:00,1,17
meta\main.js,301,js,fd0b014c,huiyuyie,2026-05-06,01:44:01,-07:00,2026-05-06T01:44:01-07:00,1,17
meta\main.js,302,js,fd0b014c,huiyuyie,2026-05-06,01:44:01,-07:00,2026-05-06T01:44:01-07:00,0,0
meta\main.js,303,js,d7b54e34,huiyuyie,2026-05-07,15:00:38,-07:00,2026-05-07T15:00:38-07:00,1,56
meta\main.js,304,js,fd0b014c,huiyuyie,2026-05-06,01:44:01,-07:00,2026-05-06T01:44:01-07:00,0,0
meta\main.js,305,js,fd0b014c,huiyuyie,2026-05-06,01:44:01,-07:00,2026-05-06T01:44:01-07:00,1,18
meta\main.js,306,js,fd0b014c,huiyuyie,2026-05-06,01:44:01,-07:00,2026-05-06T01:44:01-07:00,2,14
meta\main.js,307,js,fd0b014c,huiyuyie,2026-05-06,01:44:01,-07:00,2026-05-06T01:44:01-07:00,2,26
meta\main.js,308,js,fd0b014c,huiyuyie,2026-05-06,01:44:01,-07:00,2026-05-06T01:44:01-07:00,2,29
meta\main.js,309,js,fd0b014c,huiyuyie,2026-05-06,01:44:01,-07:00,2026-05-06T01:44:01-07:00,2,16
meta\main.js,310,js,fd0b014c,huiyuyie,2026-05-06,01:44:01,-07:00,2026-05-06T01:44:01-07:00,2,40
meta\main.js,311,js,fd0b014c,huiyuyie,2026-05-06,01:44:01,-07:00,2026-05-06T01:44:01-07:00,2,42
meta\main.js,312,js,fd0b014c,huiyuyie,2026-05-06,01:44:01,-07:00,2026-05-06T01:44:01-07:00,0,0
meta\main.js,313,js,fd0b014c,huiyuyie,2026-05-06,01:44:01,-07:00,2026-05-06T01:44:01-07:00,0,0
meta\main.js,314,js,fd0b014c,huiyuyie,2026-05-06,01:44:01,-07:00,2026-05-06T01:44:01-07:00,1,12
meta\main.js,315,js,fd0b014c,huiyuyie,2026-05-06,01:44:01,-07:00,2026-05-06T01:44:01-07:00,2,15
meta\main.js,316,js,fd0b014c,huiyuyie,2026-05-06,01:44:01,-07:00,2026-05-06T01:44:01-07:00,2,12
meta\main.js,317,js,fd0b014c,huiyuyie,2026-05-06,01:44:01,-07:00,2026-05-06T01:44:01-07:00,2,40
meta\main.js,318,js,fd0b014c,huiyuyie,2026-05-06,01:44:01,-07:00,2026-05-06T01:44:01-07:00,2,28
meta\main.js,319,js,fd0b014c,huiyuyie,2026-05-06,01:44:01,-07:00,2026-05-06T01:44:01-07:00,0,0
meta\main.js,320,js,d7b54e34,huiyuyie,2026-05-07,15:00:38,-07:00,2026-05-07T15:00:38-07:00,1,17
meta\main.js,321,js,d7b54e34,huiyuyie,2026-05-07,15:00:38,-07:00,2026-05-07T15:00:38-07:00,0,0
meta\main.js,322,js,d7b54e34,huiyuyie,2026-05-07,15:00:38,-07:00,2026-05-07T15:00:38-07:00,1,21
meta\main.js,323,js,fd0b014c,huiyuyie,2026-05-06,01:44:01,-07:00,2026-05-06T01:44:01-07:00,2,42
meta\main.js,324,js,d7b54e34,huiyuyie,2026-05-07,15:00:38,-07:00,2026-05-07T15:00:38-07:00,2,61
meta\main.js,325,js,fd0b014c,huiyuyie,2026-05-06,01:44:01,-07:00,2026-05-06T01:44:01-07:00,2,6
meta\main.js,326,js,fd0b014c,huiyuyie,2026-05-06,01:44:01,-07:00,2026-05-06T01:44:01-07:00,0,0
meta\main.js,327,js,d7b54e34,huiyuyie,2026-05-07,15:00:38,-07:00,2026-05-07T15:00:38-07:00,1,23
meta\main.js,328,js,fd0b014c,huiyuyie,2026-05-06,01:44:01,-07:00,2026-05-06T01:44:01-07:00,2,14
meta\main.js,329,js,d7b54e34,huiyuyie,2026-05-07,15:00:38,-07:00,2026-05-07T15:00:38-07:00,2,62
meta\main.js,330,js,d7b54e34,huiyuyie,2026-05-07,15:00:38,-07:00,2026-05-07T15:00:38-07:00,0,0
meta\main.js,331,js,d7b54e34,huiyuyie,2026-05-07,15:00:38,-07:00,2026-05-07T15:00:38-07:00,1,37
meta\main.js,332,js,d7b54e34,huiyuyie,2026-05-07,15:00:38,-07:00,2026-05-07T15:00:38-07:00,2,6
meta\main.js,333,js,d7b54e34,huiyuyie,2026-05-07,15:00:38,-07:00,2026-05-07T15:00:38-07:00,2,17
meta\main.js,334,js,d7b54e34,huiyuyie,2026-05-07,15:00:38,-07:00,2026-05-07T15:00:38-07:00,1,0
meta\main.js,335,js,d7b54e34,huiyuyie,2026-05-07,15:00:38,-07:00,2026-05-07T15:00:38-07:00,0,0
meta\main.js,336,js,d7b54e34,huiyuyie,2026-05-07,15:00:38,-07:00,2026-05-07T15:00:38-07:00,1,15
meta\main.js,337,js,d7b54e34,huiyuyie,2026-05-07,15:00:38,-07:00,2026-05-07T15:00:38-07:00,2,10
meta\main.js,338,js,d7b54e34,huiyuyie,2026-05-07,15:00:38,-07:00,2026-05-07T15:00:38-07:00,2,27
meta\main.js,339,js,d7b54e34,huiyuyie,2026-05-07,15:00:38,-07:00,2026-05-07T15:00:38-07:00,2,14
meta\main.js,340,js,fd0b014c,huiyuyie,2026-05-06,01:44:01,-07:00,2026-05-06T01:44:01-07:00,0,0
meta\main.js,341,js,fd0b014c,huiyuyie,2026-05-06,01:44:01,-07:00,2026-05-06T01:44:01-07:00,1,34
meta\main.js,342,js,fd0b014c,huiyuyie,2026-05-06,01:44:01,-07:00,2026-05-06T01:44:01-07:00,1,91
meta\main.js,343,js,fd0b014c,huiyuyie,2026-05-06,01:44:01,-07:00,2026-05-06T01:44:01-07:00,0,0
meta\main.js,344,js,fd0b014c,huiyuyie,2026-05-06,01:44:01,-07:00,2026-05-06T01:44:01-07:00,0,0
meta\main.js,345,js,fd0b014c,huiyuyie,2026-05-06,01:44:01,-07:00,2026-05-06T01:44:01-07:00,1,19
meta\main.js,346,js,fd0b014c,huiyuyie,2026-05-06,01:44:01,-07:00,2026-05-06T01:44:01-07:00,2,10
meta\main.js,347,js,fd0b014c,huiyuyie,2026-05-06,01:44:01,-07:00,2026-05-06T01:44:01-07:00,2,25
meta\main.js,348,js,fd0b014c,huiyuyie,2026-05-06,01:44:01,-07:00,2026-05-06T01:44:01-07:00,2,53
meta\main.js,349,js,fd0b014c,huiyuyie,2026-05-06,01:44:01,-07:00,2026-05-06T01:44:01-07:00,0,0
meta\main.js,350,js,fd0b014c,huiyuyie,2026-05-06,01:44:01,-07:00,2026-05-06T01:44:01-07:00,1,77
meta\main.js,351,js,fd0b014c,huiyuyie,2026-05-06,01:44:01,-07:00,2026-05-06T01:44:01-07:00,0,0
meta\main.js,352,js,fd0b014c,huiyuyie,2026-05-06,01:44:01,-07:00,2026-05-06T01:44:01-07:00,1,1
meta\main.js,353,js,da1c26cf,huiyuyie,2026-05-19,12:09:30,-07:00,2026-05-19T12:09:30-07:00,2,10
meta\main.js,354,js,da1c26cf,huiyuyie,2026-05-19,12:09:30,-07:00,2026-05-19T12:09:30-07:00,2,22
meta\main.js,355,js,da1c26cf,huiyuyie,2026-05-19,12:09:30,-07:00,2026-05-19T12:09:30-07:00,2,64
meta\main.js,356,js,da1c26cf,huiyuyie,2026-05-19,12:09:30,-07:00,2026-05-19T12:09:30-07:00,2,11
meta\main.js,357,js,fd0b014c,huiyuyie,2026-05-06,01:44:01,-07:00,2026-05-06T01:44:01-07:00,0,0
meta\main.js,358,js,fd0b014c,huiyuyie,2026-05-06,01:44:01,-07:00,2026-05-06T01:44:01-07:00,1,1
meta\main.js,359,js,da1c26cf,huiyuyie,2026-05-19,12:09:30,-07:00,2026-05-19T12:09:30-07:00,2,10
meta\main.js,360,js,da1c26cf,huiyuyie,2026-05-19,12:09:30,-07:00,2026-05-19T12:09:30-07:00,2,22
meta\main.js,361,js,da1c26cf,huiyuyie,2026-05-19,12:09:30,-07:00,2026-05-19T12:09:30-07:00,2,62
meta\main.js,362,js,da1c26cf,huiyuyie,2026-05-19,12:09:30,-07:00,2026-05-19T12:09:30-07:00,2,11
meta\main.js,363,js,fd0b014c,huiyuyie,2026-05-06,01:44:01,-07:00,2026-05-06T01:44:01-07:00,0,0
meta\main.js,364,js,fd0b014c,huiyuyie,2026-05-06,01:44:01,-07:00,2026-05-06T01:44:01-07:00,1,14
meta\main.js,365,js,fd0b014c,huiyuyie,2026-05-06,01:44:01,-07:00,2026-05-06T01:44:01-07:00,2,10
meta\main.js,366,js,fd0b014c,huiyuyie,2026-05-06,01:44:01,-07:00,2026-05-06T01:44:01-07:00,2,21
meta\main.js,367,js,fd0b014c,huiyuyie,2026-05-06,01:44:01,-07:00,2026-05-06T01:44:01-07:00,0,0
meta\main.js,368,js,d7b54e34,huiyuyie,2026-05-07,15:00:38,-07:00,2026-05-07T15:00:38-07:00,1,28
meta\main.js,369,js,d7b54e34,huiyuyie,2026-05-07,15:00:38,-07:00,2026-05-07T15:00:38-07:00,2,6
meta\main.js,370,js,d7b54e34,huiyuyie,2026-05-07,15:00:38,-07:00,2026-05-07T15:00:38-07:00,2,18
meta\main.js,371,js,d7b54e34,huiyuyie,2026-05-07,15:00:38,-07:00,2026-05-07T15:00:38-07:00,1,0
meta\main.js,372,js,d7b54e34,huiyuyie,2026-05-07,15:00:38,-07:00,2026-05-07T15:00:38-07:00,0,0
meta\main.js,373,js,fd0b014c,huiyuyie,2026-05-06,01:44:01,-07:00,2026-05-06T01:44:01-07:00,1,2
meta\main.js,374,js,fd0b014c,huiyuyie,2026-05-06,01:44:01,-07:00,2026-05-06T01:44:01-07:00,2,18
meta\main.js,375,js,da1c26cf,huiyuyie,2026-05-19,12:09:30,-07:00,2026-05-19T12:09:30-07:00,2,31
meta\main.js,376,js,fd0b014c,huiyuyie,2026-05-06,01:44:01,-07:00,2026-05-06T01:44:01-07:00,2,13
meta\main.js,377,js,fd0b014c,huiyuyie,2026-05-06,01:44:01,-07:00,2026-05-06T01:44:01-07:00,2,34
meta\main.js,378,js,fd0b014c,huiyuyie,2026-05-06,01:44:01,-07:00,2026-05-06T01:44:01-07:00,2,34
meta\main.js,379,js,d7b54e34,huiyuyie,2026-05-07,15:00:38,-07:00,2026-05-07T15:00:38-07:00,2,35
meta\main.js,380,js,da1c26cf,huiyuyie,2026-05-19,12:09:30,-07:00,2026-05-19T12:09:30-07:00,2,38
meta\main.js,381,js,fd0b014c,huiyuyie,2026-05-06,01:44:01,-07:00,2026-05-06T01:44:01-07:00,2,24
meta\main.js,382,js,d7b54e34,huiyuyie,2026-05-07,15:00:38,-07:00,2026-05-07T15:00:38-07:00,2,25
meta\main.js,383,js,fd0b014c,huiyuyie,2026-05-06,01:44:01,-07:00,2026-05-06T01:44:01-07:00,2,36
meta\main.js,384,js,d7b54e34,huiyuyie,2026-05-07,15:00:38,-07:00,2026-05-07T15:00:38-07:00,4,54
meta\main.js,385,js,fd0b014c,huiyuyie,2026-05-06,01:44:01,-07:00,2026-05-06T01:44:01-07:00,4,27
meta\main.js,386,js,fd0b014c,huiyuyie,2026-05-06,01:44:01,-07:00,2026-05-06T01:44:01-07:00,4,28
meta\main.js,387,js,fd0b014c,huiyuyie,2026-05-06,01:44:01,-07:00,2026-05-06T01:44:01-07:00,4,27
meta\main.js,388,js,fd0b014c,huiyuyie,2026-05-06,01:44:01,-07:00,2026-05-06T01:44:01-07:00,2,0
meta\main.js,389,js,d7b54e34,huiyuyie,2026-05-07,15:00:38,-07:00,2026-05-07T15:00:38-07:00,2,28
meta\main.js,390,js,d7b54e34,huiyuyie,2026-05-07,15:00:38,-07:00,2026-05-07T15:00:38-07:00,4,56
meta\main.js,391,js,fd0b014c,huiyuyie,2026-05-06,01:44:01,-07:00,2026-05-06T01:44:01-07:00,4,29
meta\main.js,392,js,fd0b014c,huiyuyie,2026-05-06,01:44:01,-07:00,2026-05-06T01:44:01-07:00,2,1
meta\main.js,393,js,fd0b014c,huiyuyie,2026-05-06,01:44:01,-07:00,2026-05-06T01:44:01-07:00,0,0
meta\main.js,394,js,2e3efe74,huiyuyie,2026-05-07,20:22:41,-07:00,2026-05-07T20:22:41-07:00,2,35
meta\main.js,395,js,d7b54e34,huiyuyie,2026-05-07,15:00:38,-07:00,2026-05-07T15:00:38-07:00,0,0
meta\main.js,396,js,fd0b014c,huiyuyie,2026-05-06,01:44:01,-07:00,2026-05-06T01:44:01-07:00,0,0
meta\main.js,397,js,fd0b014c,huiyuyie,2026-05-06,01:44:01,-07:00,2026-05-06T01:44:01-07:00,0,0
meta\main.js,398,js,da1c26cf,huiyuyie,2026-05-19,12:09:30,-07:00,2026-05-19T12:09:30-07:00,0,41
meta\main.js,399,js,da1c26cf,huiyuyie,2026-05-19,12:09:30,-07:00,2026-05-19T12:09:30-07:00,1,17
meta\main.js,400,js,da1c26cf,huiyuyie,2026-05-19,12:09:30,-07:00,2026-05-19T12:09:30-07:00,1,17
meta\main.js,401,js,da1c26cf,huiyuyie,2026-05-19,12:09:30,-07:00,2026-05-19T12:09:30-07:00,0,0
meta\main.js,402,js,da1c26cf,huiyuyie,2026-05-19,12:09:30,-07:00,2026-05-19T12:09:30-07:00,1,58
meta\main.js,403,js,da1c26cf,huiyuyie,2026-05-19,12:09:30,-07:00,2026-05-19T12:09:30-07:00,0,0
meta\main.js,404,js,da1c26cf,huiyuyie,2026-05-19,12:09:30,-07:00,2026-05-19T12:09:30-07:00,1,18
meta\main.js,405,js,da1c26cf,huiyuyie,2026-05-19,12:09:30,-07:00,2026-05-19T12:09:30-07:00,2,14
meta\main.js,406,js,da1c26cf,huiyuyie,2026-05-19,12:09:30,-07:00,2026-05-19T12:09:30-07:00,2,26
meta\main.js,407,js,da1c26cf,huiyuyie,2026-05-19,12:09:30,-07:00,2026-05-19T12:09:30-07:00,2,29
meta\main.js,408,js,da1c26cf,huiyuyie,2026-05-19,12:09:30,-07:00,2026-05-19T12:09:30-07:00,2,16
meta\main.js,409,js,da1c26cf,huiyuyie,2026-05-19,12:09:30,-07:00,2026-05-19T12:09:30-07:00,2,40
meta\main.js,410,js,da1c26cf,huiyuyie,2026-05-19,12:09:30,-07:00,2026-05-19T12:09:30-07:00,2,42
meta\main.js,411,js,da1c26cf,huiyuyie,2026-05-19,12:09:30,-07:00,2026-05-19T12:09:30-07:00,1,0
meta\main.js,412,js,da1c26cf,huiyuyie,2026-05-19,12:09:30,-07:00,2026-05-19T12:09:30-07:00,0,0
meta\main.js,413,js,da1c26cf,huiyuyie,2026-05-19,12:09:30,-07:00,2026-05-19T12:09:30-07:00,1,17
meta\main.js,414,js,da1c26cf,huiyuyie,2026-05-19,12:09:30,-07:00,2026-05-19T12:09:30-07:00,0,0
meta\main.js,415,js,da1c26cf,huiyuyie,2026-05-19,12:09:30,-07:00,2026-05-19T12:09:30-07:00,1,44
meta\main.js,416,js,da1c26cf,huiyuyie,2026-05-19,12:09:30,-07:00,2026-05-19T12:09:30-07:00,0,0
meta\main.js,417,js,da1c26cf,huiyuyie,2026-05-19,12:09:30,-07:00,2026-05-19T12:09:30-07:00,1,9
meta\main.js,418,js,da1c26cf,huiyuyie,2026-05-19,12:09:30,-07:00,2026-05-19T12:09:30-07:00,2,10
meta\main.js,419,js,da1c26cf,huiyuyie,2026-05-19,12:09:30,-07:00,2026-05-19T12:09:30-07:00,2,44
meta\main.js,420,js,da1c26cf,huiyuyie,2026-05-19,12:09:30,-07:00,2026-05-19T12:09:30-07:00,2,61
meta\main.js,421,js,da1c26cf,huiyuyie,2026-05-19,12:09:30,-07:00,2026-05-19T12:09:30-07:00,2,6
meta\main.js,422,js,da1c26cf,huiyuyie,2026-05-19,12:09:30,-07:00,2026-05-19T12:09:30-07:00,0,0
meta\main.js,423,js,da1c26cf,huiyuyie,2026-05-19,12:09:30,-07:00,2026-05-19T12:09:30-07:00,1,67
meta\main.js,424,js,da1c26cf,huiyuyie,2026-05-19,12:09:30,-07:00,2026-05-19T12:09:30-07:00,0,0
meta\main.js,425,js,da1c26cf,huiyuyie,2026-05-19,12:09:30,-07:00,2026-05-19T12:09:30-07:00,1,15
meta\main.js,426,js,da1c26cf,huiyuyie,2026-05-19,12:09:30,-07:00,2026-05-19T12:09:30-07:00,2,10
meta\main.js,427,js,da1c26cf,huiyuyie,2026-05-19,12:09:30,-07:00,2026-05-19T12:09:30-07:00,2,27
meta\main.js,428,js,da1c26cf,huiyuyie,2026-05-19,12:09:30,-07:00,2026-05-19T12:09:30-07:00,2,14
meta\main.js,429,js,da1c26cf,huiyuyie,2026-05-19,12:09:30,-07:00,2026-05-19T12:09:30-07:00,0,0
meta\main.js,430,js,da1c26cf,huiyuyie,2026-05-19,12:09:30,-07:00,2026-05-19T12:09:30-07:00,1,34
meta\main.js,431,js,da1c26cf,huiyuyie,2026-05-19,12:09:30,-07:00,2026-05-19T12:09:30-07:00,0,0
meta\main.js,432,js,da1c26cf,huiyuyie,2026-05-19,12:09:30,-07:00,2026-05-19T12:09:30-07:00,1,33
meta\main.js,433,js,da1c26cf,huiyuyie,2026-05-19,12:09:30,-07:00,2026-05-19T12:09:30-07:00,0,0
meta\main.js,434,js,da1c26cf,huiyuyie,2026-05-19,12:09:30,-07:00,2026-05-19T12:09:30-07:00,1,32
meta\main.js,435,js,da1c26cf,huiyuyie,2026-05-19,12:09:30,-07:00,2026-05-19T12:09:30-07:00,0,0
meta\main.js,436,js,da1c26cf,huiyuyie,2026-05-19,12:09:30,-07:00,2026-05-19T12:09:30-07:00,1,59
meta\main.js,437,js,da1c26cf,huiyuyie,2026-05-19,12:09:30,-07:00,2026-05-19T12:09:30-07:00,0,0
meta\main.js,438,js,da1c26cf,huiyuyie,2026-05-19,12:09:30,-07:00,2026-05-19T12:09:30-07:00,1,2
meta\main.js,439,js,da1c26cf,huiyuyie,2026-05-19,12:09:30,-07:00,2026-05-19T12:09:30-07:00,2,18
meta\main.js,440,js,da1c26cf,huiyuyie,2026-05-19,12:09:30,-07:00,2026-05-19T12:09:30-07:00,2,31
meta\main.js,441,js,da1c26cf,huiyuyie,2026-05-19,12:09:30,-07:00,2026-05-19T12:09:30-07:00,2,13
meta\main.js,442,js,da1c26cf,huiyuyie,2026-05-19,12:09:30,-07:00,2026-05-19T12:09:30-07:00,2,36
meta\main.js,443,js,da1c26cf,huiyuyie,2026-05-19,12:09:30,-07:00,2026-05-19T12:09:30-07:00,2,36
meta\main.js,444,js,da1c26cf,huiyuyie,2026-05-19,12:09:30,-07:00,2026-05-19T12:09:30-07:00,2,37
meta\main.js,445,js,da1c26cf,huiyuyie,2026-05-19,12:09:30,-07:00,2026-05-19T12:09:30-07:00,2,40
meta\main.js,446,js,da1c26cf,huiyuyie,2026-05-19,12:09:30,-07:00,2026-05-19T12:09:30-07:00,2,24
meta\main.js,447,js,da1c26cf,huiyuyie,2026-05-19,12:09:30,-07:00,2026-05-19T12:09:30-07:00,2,25
meta\main.js,448,js,da1c26cf,huiyuyie,2026-05-19,12:09:30,-07:00,2026-05-19T12:09:30-07:00,2,36
meta\main.js,449,js,da1c26cf,huiyuyie,2026-05-19,12:09:30,-07:00,2026-05-19T12:09:30-07:00,3,54
meta\main.js,450,js,da1c26cf,huiyuyie,2026-05-19,12:09:30,-07:00,2026-05-19T12:09:30-07:00,3,27
meta\main.js,451,js,da1c26cf,huiyuyie,2026-05-19,12:09:30,-07:00,2026-05-19T12:09:30-07:00,3,28
meta\main.js,452,js,da1c26cf,huiyuyie,2026-05-19,12:09:30,-07:00,2026-05-19T12:09:30-07:00,3,27
meta\main.js,453,js,da1c26cf,huiyuyie,2026-05-19,12:09:30,-07:00,2026-05-19T12:09:30-07:00,2,0
meta\main.js,454,js,da1c26cf,huiyuyie,2026-05-19,12:09:30,-07:00,2026-05-19T12:09:30-07:00,2,28
meta\main.js,455,js,da1c26cf,huiyuyie,2026-05-19,12:09:30,-07:00,2026-05-19T12:09:30-07:00,3,56
meta\main.js,456,js,da1c26cf,huiyuyie,2026-05-19,12:09:30,-07:00,2026-05-19T12:09:30-07:00,3,29
meta\main.js,457,js,da1c26cf,huiyuyie,2026-05-19,12:09:30,-07:00,2026-05-19T12:09:30-07:00,2,1
meta\main.js,458,js,da1c26cf,huiyuyie,2026-05-19,12:09:30,-07:00,2026-05-19T12:09:30-07:00,0,0
meta\main.js,459,js,da1c26cf,huiyuyie,2026-05-19,12:09:30,-07:00,2026-05-19T12:09:30-07:00,1,29
meta\main.js,460,js,da1c26cf,huiyuyie,2026-05-19,12:09:30,-07:00,2026-05-19T12:09:30-07:00,0,0
meta\main.js,461,js,da1c26cf,huiyuyie,2026-05-19,12:09:30,-07:00,2026-05-19T12:09:30-07:00,0,0
meta\main.js,462,js,da1c26cf,huiyuyie,2026-05-19,12:09:30,-07:00,2026-05-19T12:09:30-07:00,0,31
meta\main.js,463,js,da1c26cf,huiyuyie,2026-05-19,12:09:30,-07:00,2026-05-19T12:09:30-07:00,0,19
meta\main.js,464,js,da1c26cf,huiyuyie,2026-05-19,12:09:30,-07:00,2026-05-19T12:09:30-07:00,0,0
meta\main.js,465,js,da1c26cf,huiyuyie,2026-05-19,12:09:30,-07:00,2026-05-19T12:09:30-07:00,0,25
meta\main.js,466,js,da1c26cf,huiyuyie,2026-05-19,12:09:30,-07:00,2026-05-19T12:09:30-07:00,1,17
meta\main.js,467,js,da1c26cf,huiyuyie,2026-05-19,12:09:30,-07:00,2026-05-19T12:09:30-07:00,1,12
meta\main.js,468,js,da1c26cf,huiyuyie,2026-05-19,12:09:30,-07:00,2026-05-19T12:09:30-07:00,1,10
meta\main.js,469,js,da1c26cf,huiyuyie,2026-05-19,12:09:30,-07:00,2026-05-19T12:09:30-07:00,1,20
meta\main.js,470,js,da1c26cf,huiyuyie,2026-05-19,12:09:30,-07:00,2026-05-19T12:09:30-07:00,1,4
meta\main.js,471,js,da1c26cf,huiyuyie,2026-05-19,12:09:30,-07:00,2026-05-19T12:09:30-07:00,2,9
meta\main.js,472,js,da1c26cf,huiyuyie,2026-05-19,12:09:30,-07:00,2026-05-19T12:09:30-07:00,3,36
meta\main.js,473,js,da1c26cf,huiyuyie,2026-05-19,12:09:30,-07:00,2026-05-19T12:09:30-07:00,4,16
meta\main.js,474,js,da1c26cf,huiyuyie,2026-05-19,12:09:30,-07:00,2026-05-19T12:09:30-07:00,4,17
meta\main.js,475,js,da1c26cf,huiyuyie,2026-05-19,12:09:30,-07:00,2026-05-19T12:09:30-07:00,3,2
meta\main.js,476,js,da1c26cf,huiyuyie,2026-05-19,12:09:30,-07:00,2026-05-19T12:09:30-07:00,3,42
meta\main.js,477,js,da1c26cf,huiyuyie,2026-05-19,12:09:30,-07:00,2026-05-19T12:09:30-07:00,4,42
meta\main.js,478,js,da1c26cf,huiyuyie,2026-05-19,12:09:30,-07:00,2026-05-19T12:09:30-07:00,3,4
meta\main.js,479,js,da1c26cf,huiyuyie,2026-05-19,12:09:30,-07:00,2026-05-19T12:09:30-07:00,3,38
meta\main.js,480,js,da1c26cf,huiyuyie,2026-05-19,12:09:30,-07:00,2026-05-19T12:09:30-07:00,4,9
meta\main.js,481,js,da1c26cf,huiyuyie,2026-05-19,12:09:30,-07:00,2026-05-19T12:09:30-07:00,5,6
meta\main.js,482,js,da1c26cf,huiyuyie,2026-05-19,12:09:30,-07:00,2026-05-19T12:09:30-07:00,5,14
meta\main.js,483,js,da1c26cf,huiyuyie,2026-05-19,12:09:30,-07:00,2026-05-19T12:09:30-07:00,5,12
meta\main.js,484,js,da1c26cf,huiyuyie,2026-05-19,12:09:30,-07:00,2026-05-19T12:09:30-07:00,4,6
meta\main.js,485,js,da1c26cf,huiyuyie,2026-05-19,12:09:30,-07:00,2026-05-19T12:09:30-07:00,3,6
meta\main.js,486,js,da1c26cf,huiyuyie,2026-05-19,12:09:30,-07:00,2026-05-19T12:09:30-07:00,2,0
meta\main.js,487,js,da1c26cf,huiyuyie,2026-05-19,12:09:30,-07:00,2026-05-19T12:09:30-07:00,1,0
meta\main.js,488,js,da1c26cf,huiyuyie,2026-05-19,12:09:30,-07:00,2026-05-19T12:09:30-07:00,0,0
meta\main.js,489,js,da1c26cf,huiyuyie,2026-05-19,12:09:30,-07:00,2026-05-19T12:09:30-07:00,0,0
meta\main.js,490,js,da1c26cf,huiyuyie,2026-05-19,12:09:30,-07:00,2026-05-19T12:09:30-07:00,0,0
meta\main.js,491,js,da1c26cf,huiyuyie,2026-05-19,12:09:30,-07:00,2026-05-19T12:09:30-07:00,0,30
meta\main.js,492,js,da1c26cf,huiyuyie,2026-05-19,12:09:30,-07:00,2026-05-19T12:09:30-07:00,1,39
meta\main.js,493,js,da1c26cf,huiyuyie,2026-05-19,12:09:30,-07:00,2026-05-19T12:09:30-07:00,1,30
meta\main.js,494,js,da1c26cf,huiyuyie,2026-05-19,12:09:30,-07:00,2026-05-19T12:09:30-07:00,0,0
meta\main.js,495,js,da1c26cf,huiyuyie,2026-05-19,12:09:30,-07:00,2026-05-19T12:09:30-07:00,1,67
meta\main.js,496,js,da1c26cf,huiyuyie,2026-05-19,12:09:30,-07:00,2026-05-19T12:09:30-07:00,1,59
meta\main.js,497,js,da1c26cf,huiyuyie,2026-05-19,12:09:30,-07:00,2026-05-19T12:09:30-07:00,0,0
meta\main.js,498,js,da1c26cf,huiyuyie,2026-05-19,12:09:30,-07:00,2026-05-19T12:09:30-07:00,1,54
meta\main.js,499,js,da1c26cf,huiyuyie,2026-05-19,12:09:30,-07:00,2026-05-19T12:09:30-07:00,2,34
meta\main.js,500,js,da1c26cf,huiyuyie,2026-05-19,12:09:30,-07:00,2026-05-19T12:09:30-07:00,3,16
meta\main.js,501,js,da1c26cf,huiyuyie,2026-05-19,12:09:30,-07:00,2026-05-19T12:09:30-07:00,3,17
meta\main.js,502,js,da1c26cf,huiyuyie,2026-05-19,12:09:30,-07:00,2026-05-19T12:09:30-07:00,2,1
meta\main.js,503,js,da1c26cf,huiyuyie,2026-05-19,12:09:30,-07:00,2026-05-19T12:09:30-07:00,0,0
meta\main.js,504,js,da1c26cf,huiyuyie,2026-05-19,12:09:30,-07:00,2026-05-19T12:09:30-07:00,1,74
meta\main.js,505,js,da1c26cf,huiyuyie,2026-05-19,12:09:30,-07:00,2026-05-19T12:09:30-07:00,0,0
meta\main.js,506,js,da1c26cf,huiyuyie,2026-05-19,12:09:30,-07:00,2026-05-19T12:09:30-07:00,1,33
meta\main.js,507,js,da1c26cf,huiyuyie,2026-05-19,12:09:30,-07:00,2026-05-19T12:09:30-07:00,1,46
meta\main.js,508,js,da1c26cf,huiyuyie,2026-05-19,12:09:30,-07:00,2026-05-19T12:09:30-07:00,1,39
meta\main.js,509,js,da1c26cf,huiyuyie,2026-05-19,12:09:30,-07:00,2026-05-19T12:09:30-07:00,0,0
meta\main.js,510,js,da1c26cf,huiyuyie,2026-05-19,12:09:30,-07:00,2026-05-19T12:09:30-07:00,0,0
meta\main.js,511,js,da1c26cf,huiyuyie,2026-05-19,12:09:30,-07:00,2026-05-19T12:09:30-07:00,0,27
meta\main.js,512,js,da1c26cf,huiyuyie,2026-05-19,12:09:30,-07:00,2026-05-19T12:09:30-07:00,0,0
meta\main.js,513,js,da1c26cf,huiyuyie,2026-05-19,12:09:30,-07:00,2026-05-19T12:09:30-07:00,0,6
meta\main.js,514,js,da1c26cf,huiyuyie,2026-05-19,12:09:30,-07:00,2026-05-19T12:09:30-07:00,1,6
meta\main.js,515,js,da1c26cf,huiyuyie,2026-05-19,12:09:30,-07:00,2026-05-19T12:09:30-07:00,2,22
meta\main.js,516,js,da1c26cf,huiyuyie,2026-05-19,12:09:30,-07:00,2026-05-19T12:09:30-07:00,2,23
meta\main.js,517,js,da1c26cf,huiyuyie,2026-05-19,12:09:30,-07:00,2026-05-19T12:09:30-07:00,1,0
meta\main.js,518,js,da1c26cf,huiyuyie,2026-05-19,12:09:30,-07:00,2026-05-19T12:09:30-07:00,1,24
meta\index.html,1,html,fd0b014c,huiyuyie,2026-05-06,01:44:01,-07:00,2026-05-06T01:44:01-07:00,0,13
meta\index.html,2,html,fd0b014c,huiyuyie,2026-05-06,01:44:01,-07:00,2026-05-06T01:44:01-07:00,0,14
meta\index.html,3,html,fd0b014c,huiyuyie,2026-05-06,01:44:01,-07:00,2026-05-06T01:44:01-07:00,0,4
meta\index.html,4,html,fd0b014c,huiyuyie,2026-05-06,01:44:01,-07:00,2026-05-06T01:44:01-07:00,1,20
meta\index.html,5,html,fd0b014c,huiyuyie,2026-05-06,01:44:01,-07:00,2026-05-06T01:44:01-07:00,1,68
meta\index.html,6,html,fd0b014c,huiyuyie,2026-05-06,01:44:01,-07:00,2026-05-06T01:44:01-07:00,1,17
meta\index.html,7,html,fd0b014c,huiyuyie,2026-05-06,01:44:01,-07:00,2026-05-06T01:44:01-07:00,0,0
meta\index.html,8,html,fd0b014c,huiyuyie,2026-05-06,01:44:01,-07:00,2026-05-06T01:44:01-07:00,1,41
meta\index.html,9,html,fd0b014c,huiyuyie,2026-05-06,01:44:01,-07:00,2026-05-06T01:44:01-07:00,0,5
meta\index.html,10,html,da1c26cf,huiyuyie,2026-05-19,12:09:30,-07:00,2026-05-19T12:09:30-07:00,0,0
meta\index.html,11,html,fd0b014c,huiyuyie,2026-05-06,01:44:01,-07:00,2026-05-06T01:44:01-07:00,0,4
meta\index.html,12,html,fd0b014c,huiyuyie,2026-05-06,01:44:01,-07:00,2026-05-06T01:44:01-07:00,0,0
meta\index.html,13,html,fd0b014c,huiyuyie,2026-05-06,01:44:01,-07:00,2026-05-06T01:44:01-07:00,1,11
meta\index.html,14,html,fd0b014c,huiyuyie,2026-05-06,01:44:01,-07:00,2026-05-06T01:44:01-07:00,0,0
meta\index.html,15,html,fd0b014c,huiyuyie,2026-05-06,01:44:01,-07:00,2026-05-06T01:44:01-07:00,1,1
meta\index.html,16,html,fd0b014c,huiyuyie,2026-05-06,01:44:01,-07:00,2026-05-06T01:44:01-07:00,2,54
meta\index.html,17,html,fd0b014c,huiyuyie,2026-05-06,01:44:01,-07:00,2026-05-06T01:44:01-07:00,1,2
meta\index.html,18,html,fd0b014c,huiyuyie,2026-05-06,01:44:01,-07:00,2026-05-06T01:44:01-07:00,0,0
meta\index.html,19,html,da1c26cf,huiyuyie,2026-05-19,12:09:30,-07:00,2026-05-19T12:09:30-07:00,1,25
meta\index.html,20,html,da1c26cf,huiyuyie,2026-05-19,12:09:30,-07:00,2026-05-19T12:09:30-07:00,2,54
meta\index.html,21,html,da1c26cf,huiyuyie,2026-05-19,12:09:30,-07:00,2026-05-19T12:09:30-07:00,0,0
meta\index.html,22,html,da1c26cf,huiyuyie,2026-05-19,12:09:30,-07:00,2026-05-19T12:09:30-07:00,2,22
meta\index.html,23,html,da1c26cf,huiyuyie,2026-05-19,12:09:30,-07:00,2026-05-19T12:09:30-07:00,3,4
meta\index.html,24,html,da1c26cf,huiyuyie,2026-05-19,12:09:30,-07:00,2026-05-19T12:09:30-07:00,4,10
meta\index.html,25,html,da1c26cf,huiyuyie,2026-05-19,12:09:30,-07:00,2026-05-19T12:09:30-07:00,4,18
meta\index.html,26,html,da1c26cf,huiyuyie,2026-05-19,12:09:30,-07:00,2026-05-19T12:09:30-07:00,4,5
meta\index.html,27,html,da1c26cf,huiyuyie,2026-05-19,12:09:30,-07:00,2026-05-19T12:09:30-07:00,4,7
meta\index.html,28,html,da1c26cf,huiyuyie,2026-05-19,12:09:30,-07:00,2026-05-19T12:09:30-07:00,4,9
meta\index.html,29,html,da1c26cf,huiyuyie,2026-05-19,12:09:30,-07:00,2026-05-19T12:09:30-07:00,3,0
meta\index.html,30,html,da1c26cf,huiyuyie,2026-05-19,12:09:30,-07:00,2026-05-19T12:09:30-07:00,0,0
meta\index.html,31,html,da1c26cf,huiyuyie,2026-05-19,12:09:30,-07:00,2026-05-19T12:09:30-07:00,3,32
meta\index.html,32,html,da1c26cf,huiyuyie,2026-05-19,12:09:30,-07:00,2026-05-19T12:09:30-07:00,2,4
meta\index.html,33,html,da1c26cf,huiyuyie,2026-05-19,12:09:30,-07:00,2026-05-19T12:09:30-07:00,1,4
meta\index.html,34,html,da1c26cf,huiyuyie,2026-05-19,12:09:30,-07:00,2026-05-19T12:09:30-07:00,0,0
meta\index.html,35,html,da1c26cf,huiyuyie,2026-05-19,12:09:30,-07:00,2026-05-19T12:09:30-07:00,1,18
meta\index.html,36,html,f41731a4,huiyuyie,2026-05-21,14:58:29,-07:00,2026-05-21T14:58:29-07:00,2,28
meta\index.html,37,html,fd0b014c,huiyuyie,2026-05-06,01:44:01,-07:00,2026-05-06T01:44:01-07:00,0,0
meta\index.html,38,html,da1c26cf,huiyuyie,2026-05-19,12:09:30,-07:00,2026-05-19T12:09:30-07:00,2,21
meta\index.html,39,html,da1c26cf,huiyuyie,2026-05-19,12:09:30,-07:00,2026-05-19T12:09:30-07:00,3,20
meta\index.html,40,html,fd0b014c,huiyuyie,2026-05-06,01:44:01,-07:00,2026-05-06T01:44:01-07:00,0,0
meta\index.html,41,html,da1c26cf,huiyuyie,2026-05-19,12:09:30,-07:00,2026-05-19T12:09:30-07:00,3,29
meta\index.html,42,html,fd0b014c,huiyuyie,2026-05-06,01:44:01,-07:00,2026-05-06T01:44:01-07:00,0,0
meta\index.html,43,html,da1c26cf,huiyuyie,2026-05-19,12:09:30,-07:00,2026-05-19T12:09:30-07:00,3,20
meta\index.html,44,html,d7b54e34,huiyuyie,2026-05-07,15:00:38,-07:00,2026-05-07T15:00:38-07:00,0,0
meta\index.html,45,html,da1c26cf,huiyuyie,2026-05-19,12:09:30,-07:00,2026-05-19T12:09:30-07:00,3,45
meta\index.html,46,html,da1c26cf,huiyuyie,2026-05-19,12:09:30,-07:00,2026-05-19T12:09:30-07:00,0,0
meta\index.html,47,html,da1c26cf,huiyuyie,2026-05-19,12:09:30,-07:00,2026-05-19T12:09:30-07:00,3,54
meta\index.html,48,html,c0a8fc9d,huiyuyie,2026-05-19,18:29:13,-07:00,2026-05-19T18:29:13-07:00,0,0
meta\index.html,49,html,c0a8fc9d,huiyuyie,2026-05-19,18:29:13,-07:00,2026-05-19T18:29:13-07:00,3,18
meta\index.html,50,html,da1c26cf,huiyuyie,2026-05-19,12:09:30,-07:00,2026-05-19T12:09:30-07:00,2,4
meta\index.html,51,html,da1c26cf,huiyuyie,2026-05-19,12:09:30,-07:00,2026-05-19T12:09:30-07:00,1,4
meta\index.html,52,html,d7b54e34,huiyuyie,2026-05-07,15:00:38,-07:00,2026-05-07T15:00:38-07:00,0,0
meta\index.html,53,html,fd0b014c,huiyuyie,2026-05-06,01:44:01,-07:00,2026-05-06T01:44:01-07:00,1,50
meta\index.html,54,html,fd0b014c,huiyuyie,2026-05-06,01:44:01,-07:00,2026-05-06T01:44:01-07:00,0,0
meta\index.html,55,html,fd0b014c,huiyuyie,2026-05-06,01:44:01,-07:00,2026-05-06T01:44:01-07:00,2,13
meta\index.html,56,html,fd0b014c,huiyuyie,2026-05-06,01:44:01,-07:00,2026-05-06T01:44:01-07:00,2,2
meta\index.html,57,html,da1c26cf,huiyuyie,2026-05-19,12:09:30,-07:00,2026-05-19T12:09:30-07:00,3,46
meta\index.html,58,html,fd0b014c,huiyuyie,2026-05-06,01:44:01,-07:00,2026-05-06T01:44:01-07:00,2,3
meta\index.html,59,html,fd0b014c,huiyuyie,2026-05-06,01:44:01,-07:00,2026-05-06T01:44:01-07:00,0,0
meta\index.html,60,html,fd0b014c,huiyuyie,2026-05-06,01:44:01,-07:00,2026-05-06T01:44:01-07:00,2,11
meta\index.html,61,html,fd0b014c,huiyuyie,2026-05-06,01:44:01,-07:00,2026-05-06T01:44:01-07:00,2,24
meta\index.html,62,html,fd0b014c,huiyuyie,2026-05-06,01:44:01,-07:00,2026-05-06T01:44:01-07:00,0,0
meta\index.html,63,html,d7b54e34,huiyuyie,2026-05-07,15:00:38,-07:00,2026-05-07T15:00:38-07:00,2,11
meta\index.html,64,html,d7b54e34,huiyuyie,2026-05-07,15:00:38,-07:00,2026-05-07T15:00:38-07:00,2,24
meta\index.html,65,html,d7b54e34,huiyuyie,2026-05-07,15:00:38,-07:00,2026-05-07T15:00:38-07:00,0,0
meta\index.html,66,html,d7b54e34,huiyuyie,2026-05-07,15:00:38,-07:00,2026-05-07T15:00:38-07:00,2,13
meta\index.html,67,html,d7b54e34,huiyuyie,2026-05-07,15:00:38,-07:00,2026-05-07T15:00:38-07:00,2,26
meta\index.html,68,html,d7b54e34,huiyuyie,2026-05-07,15:00:38,-07:00,2026-05-07T15:00:38-07:00,0,0
meta\index.html,69,html,d7b54e34,huiyuyie,2026-05-07,15:00:38,-07:00,2026-05-07T15:00:38-07:00,2,19
meta\index.html,70,html,d7b54e34,huiyuyie,2026-05-07,15:00:38,-07:00,2026-05-07T15:00:38-07:00,2,25
meta\index.html,71,html,d7b54e34,huiyuyie,2026-05-07,15:00:38,-07:00,2026-05-07T15:00:38-07:00,0,0
meta\index.html,72,html,fd0b014c,huiyuyie,2026-05-06,01:44:01,-07:00,2026-05-06T01:44:01-07:00,1,3
meta\index.html,73,html,fd0b014c,huiyuyie,2026-05-06,01:44:01,-07:00,2026-05-06T01:44:01-07:00,0,0
meta\index.html,74,html,fd0b014c,huiyuyie,2026-05-06,01:44:01,-07:00,2026-05-06T01:44:01-07:00,1,48
meta\index.html,75,html,fd0b014c,huiyuyie,2026-05-06,01:44:01,-07:00,2026-05-06T01:44:01-07:00,1,45
meta\index.html,76,html,da1c26cf,huiyuyie,2026-05-19,12:09:30,-07:00,2026-05-19T12:09:30-07:00,0,0
meta\index.html,77,html,fd0b014c,huiyuyie,2026-05-06,01:44:01,-07:00,2026-05-06T01:44:01-07:00,0,5
meta\index.html,78,html,da1c26cf,huiyuyie,2026-05-19,12:09:30,-07:00,2026-05-19T12:09:30-07:00,0,0
meta\index.html,79,html,fd0b014c,huiyuyie,2026-05-06,01:44:01,-07:00,2026-05-06T01:44:01-07:00,0,5
contact\index.html,1,html,abb49540,huiyuyie,2026-03-30,17:06:17,-07:00,2026-03-30T17:06:17-07:00,0,13
contact\index.html,2,html,abb49540,huiyuyie,2026-03-30,17:06:17,-07:00,2026-03-30T17:06:17-07:00,0,14
contact\index.html,3,html,abb49540,huiyuyie,2026-03-30,17:06:17,-07:00,2026-03-30T17:06:17-07:00,0,4
contact\index.html,4,html,abb49540,huiyuyie,2026-03-30,17:06:17,-07:00,2026-03-30T17:06:17-07:00,2,20
contact\index.html,5,html,abb49540,huiyuyie,2026-03-30,17:06:17,-07:00,2026-03-30T17:06:17-07:00,2,68
contact\index.html,6,html,abb49540,huiyuyie,2026-03-30,17:06:17,-07:00,2026-03-30T17:06:17-07:00,2,20
contact\index.html,7,html,f09fcb9c,huiyuyie,2026-03-31,20:24:01,-07:00,2026-03-31T20:24:01-07:00,2,41
contact\index.html,8,html,abb49540,huiyuyie,2026-03-30,17:06:17,-07:00,2026-03-30T17:06:17-07:00,0,5
contact\index.html,9,html,abb49540,huiyuyie,2026-03-30,17:06:17,-07:00,2026-03-30T17:06:17-07:00,0,4
contact\index.html,10,html,63920fe1,huiyuyie,2026-03-30,21:23:51,-07:00,2026-03-30T21:23:51-07:00,2,14
contact\index.html,11,html,a3914d6f,huiyuyie,2026-04-16,15:04:18,-07:00,2026-04-16T15:04:18-07:00,2,39
contact\index.html,12,html,63920fe1,huiyuyie,2026-03-30,21:23:51,-07:00,2026-03-30T21:23:51-07:00,4,5
contact\index.html,13,html,63920fe1,huiyuyie,2026-03-30,21:23:51,-07:00,2026-03-30T21:23:51-07:00,6,6
contact\index.html,14,html,63920fe1,huiyuyie,2026-03-30,21:23:51,-07:00,2026-03-30T21:23:51-07:00,6,20
contact\index.html,15,html,63920fe1,huiyuyie,2026-03-30,21:23:51,-07:00,2026-03-30T21:23:51-07:00,4,6
contact\index.html,16,html,63920fe1,huiyuyie,2026-03-30,21:23:51,-07:00,2026-03-30T21:23:51-07:00,4,5
contact\index.html,17,html,a3914d6f,huiyuyie,2026-04-16,15:04:18,-07:00,2026-04-16T15:04:18-07:00,6,6
contact\index.html,18,html,63920fe1,huiyuyie,2026-03-30,21:23:51,-07:00,2026-03-30T21:23:51-07:00,6,31
contact\index.html,19,html,63920fe1,huiyuyie,2026-03-30,21:23:51,-07:00,2026-03-30T21:23:51-07:00,4,6
contact\index.html,20,html,0da67c86,huiyuyie,2026-04-02,13:40:43,-07:00,2026-04-02T13:40:43-07:00,4,21
contact\index.html,21,html,63920fe1,huiyuyie,2026-03-30,21:23:51,-07:00,2026-03-30T21:23:51-07:00,2,5
contact\index.html,22,html,a3914d6f,huiyuyie,2026-04-16,15:04:18,-07:00,2026-04-16T15:04:18-07:00,2,48
contact\index.html,23,html,abb49540,huiyuyie,2026-03-30,17:06:17,-07:00,2026-03-30T17:06:17-07:00,0,5
contact\index.html,24,html,abb49540,huiyuyie,2026-03-30,17:06:17,-07:00,2026-03-30T17:06:17-07:00,0,5
